rank,channel,construct_id,peptide_id,peptide_sequence,position,linker_id,round6_score,construct_composite,sodope_score,temstapro_score,construct_anoxpepred,construct_bepipred3,omegafold_plddt,sasa_score,sasa_label,aggrisk_score,aggrisk_label
1,top,con_0215,pep_238278,ERELPYYPGAHPMHPPK,C,Flex_GGGGSx2,0.7794,0.5244,0.6876724901196121,0.4187,0.3217,0.1402300544690404,0.4522,0.8143,exposed,0.3515,moderate_aggregation_risk
2,top,con_0199,pep_355822,GTHWHPEHF,N,Flex_GGGGSx1,0.7684,0.5238,0.6791689981133878,0.4235,0.3361,0.1288549676902362,0.446,0.7996,exposed,0.3291,moderate_aggregation_risk
3,top,con_0226,pep_233907,EPTMYGEILSPNYPQAYPSEV,N,Flex_GGGGSx2,0.7345,0.5206,0.6643826135877376,0.4496,0.3832,0.1262428481269766,0.4398,0.7697,exposed,0.3488,moderate_aggregation_risk
4,top,con_0201,pep_355822,GTHWHPEHF,Both,Flex_GGGGSx1,0.7224,0.5291,0.6930029207193804,0.458,0.3361,0.1306171695342521,0.4369,0.7633,exposed,0.3564,moderate_aggregation_risk
5,top,con_0095,pep_679714,PAFELHYPHMVER,C,Flex_GGGGSx2,0.7142,0.5321,0.6724784305142725,0.3856,0.3217,0.13847102052749521,0.4364,0.7212,exposed,0.3318,moderate_aggregation_risk
6,top,con_0203,pep_355822,GTHWHPEHF,C,Flex_GGGGSx2,0.708,0.5212,0.6823583501921262,0.3978,0.3217,0.13667620823674698,0.4333,0.7403,exposed,0.3488,moderate_aggregation_risk
7,top,con_0212,pep_238278,ERELPYYPGAHPMHPPK,C,Flex_GGGGSx1,0.706,0.5256,0.685768034420952,0.4545,0.3217,0.1395986122281251,0.4356,0.7309,exposed,0.3574,moderate_aggregation_risk
8,top,con_0216,pep_238278,ERELPYYPGAHPMHPPK,Both,Flex_GGGGSx2,0.7053,0.5463,0.704727031296303,0.4791,0.3956,0.13841859457895295,0.4125,0.8306,exposed,0.3279,moderate_aggregation_risk
9,top,con_0058,pep_648372,NGNPNGEGLPHWPLFDQEEQY,N,Flex_GGGGSx2,0.7048,0.5323,0.6891303940318382,0.4186,0.3675,0.133618010201112,0.426,0.7688,exposed,0.3438,moderate_aggregation_risk
10,top,con_0204,pep_355822,GTHWHPEHF,Both,Flex_GGGGSx2,0.7011,0.5369,0.6954931163349753,0.4392,0.3752,0.13337887481331684,0.4127,0.8123,exposed,0.3213,moderate_aggregation_risk
11,top,con_0163,pep_299544,FVTFPYPYMNGR,N,Flex_GGGGSx1,0.698,0.5258,0.6308255382101364,0.428,0.3859,0.12679042285665526,0.4264,0.7799,exposed,0.3744,moderate_aggregation_risk
12,top,con_0211,pep_238278,ERELPYYPGAHPMHPPK,N,Flex_GGGGSx1,0.6947,0.5341,0.6847772618657166,0.4242,0.3766,0.1320639909042817,0.4187,0.7943,exposed,0.3532,moderate_aggregation_risk
13,top,con_0078,pep_977590,VPSLRDVHHEPVYPQPPF,Both,Flex_GGGGSx2,0.6895,0.5482,0.6778353719985396,0.4189,0.3845,0.13626234689896757,0.4162,0.7788,exposed,0.3365,moderate_aggregation_risk
14,top,con_0213,pep_238278,ERELPYYPGAHPMHPPK,Both,Flex_GGGGSx1,0.6868,0.5418,0.7026987344119661,0.4803,0.3766,0.1361083247309141,0.4128,0.7985,exposed,0.3437,moderate_aggregation_risk
15,top,con_0172,pep_252920,EVYPPGPYHPFPNY,N,Flex_GGGGSx2,0.6807,0.522,0.660819964012441,0.4301,0.3631,0.12794793045859615,0.4177,0.7595,exposed,0.3478,moderate_aggregation_risk
16,top,con_0131,pep_020977,AEPPGVEPYPYPIPTV,C,Flex_GGGGSx2,0.6775,0.5279,0.6788932668156828,0.4627,0.3217,0.13568886760894844,0.4205,0.7373,exposed,0.3495,moderate_aggregation_risk
17,top,con_0161,pep_033299,AHEAEMWEVHFHPSNPEHLF,C,Flex_GGGGSx2,0.6754,0.5162,0.6961945115610102,0.4057,0.3217,0.13557198585645444,0.4139,0.7613,exposed,0.3413,moderate_aggregation_risk
18,top,con_0128,pep_020977,AEPPGVEPYPYPIPTV,C,Flex_GGGGSx1,0.6717,0.5289,0.6767337435074402,0.4941,0.3217,0.13496148517075926,0.4224,0.7196,exposed,0.3571,moderate_aggregation_risk
19,top,con_0066,pep_164493,DRTWHPEHFF,Both,Flex_GGGGSx2,0.6692,0.5273,0.6778057038011602,0.4418,0.3528,0.1343318409804817,0.4122,0.7596,exposed,0.3454,moderate_aggregation_risk
20,top,con_0214,pep_238278,ERELPYYPGAHPMHPPK,N,Flex_GGGGSx2,0.6677,0.5379,0.685768034420952,0.4183,0.3956,0.1324844714936956,0.404,0.7941,exposed,0.337,moderate_aggregation_risk
21,top,con_0182,pep_954776,VIEMVDGEPPYFNEPPLK,C,Flex_GGGGSx1,0.6671,0.532,0.6803075920194502,0.4488,0.3217,0.13344249478379144,0.4182,0.7349,exposed,0.3599,moderate_aggregation_risk
22,top,con_0062,pep_164493,DRTWHPEHFF,C,Flex_GGGGSx1,0.6668,0.5174,0.6706024041971641,0.4008,0.3217,0.13578920970543235,0.4273,0.6752,exposed,0.3527,moderate_aggregation_risk
23,top,con_0186,pep_954776,VIEMVDGEPPYFNEPPLK,Both,Flex_GGGGSx2,0.6643,0.5452,0.6949608846105322,0.5016,0.3542,0.1376284637547691,0.4046,0.7882,exposed,0.343,moderate_aggregation_risk
24,top,con_0071,pep_142399,DLDEIVLHYPYIPPGEK,C,Flex_GGGGSx2,0.6574,0.5273,0.6785119639954056,0.447,0.3217,0.1373427008498469,0.4328,0.6612,exposed,0.3934,moderate_aggregation_risk
25,top,con_0228,pep_233907,EPTMYGEILSPNYPQAYPSEV,Both,Flex_GGGGSx2,0.6565,0.5235,0.6662319858370674,0.4882,0.3832,0.1308810832242026,0.3999,0.7916,exposed,0.3393,moderate_aggregation_risk
26,top,con_0105,pep_648371,NGNPNGEGLPHWPLFDQEEQ,Both,Flex_GGGGSx1,0.6541,0.533,0.7219032775368355,0.4776,0.3202,0.14168394729495049,0.403,0.7764,exposed,0.3477,moderate_aggregation_risk
27,top,con_0060,pep_648372,NGNPNGEGLPHWPLFDQEEQY,Both,Flex_GGGGSx2,0.6541,0.5408,0.7102761615829317,0.4687,0.3675,0.1410265058771845,0.3998,0.7825,exposed,0.3357,moderate_aggregation_risk
28,top,con_0092,pep_679714,PAFELHYPHMVER,C,Flex_GGGGSx1,0.6532,0.5336,0.6701172165251814,0.4307,0.3217,0.13598987388539524,0.4149,0.7066,exposed,0.3476,moderate_aggregation_risk
29,top,con_0185,pep_954776,VIEMVDGEPPYFNEPPLK,C,Flex_GGGGSx2,0.6501,0.531,0.6823578529237763,0.4143,0.3217,0.13591560041079823,0.4081,0.7441,exposed,0.3545,moderate_aggregation_risk
30,top,con_0061,pep_164493,DRTWHPEHFF,N,Flex_GGGGSx1,0.65,0.5274,0.6693708995790053,0.4269,0.3708,0.1283313447729251,0.4146,0.7105,exposed,0.3579,moderate_aggregation_risk
31,top,con_0165,pep_299544,FVTFPYPYMNGR,Both,Flex_GGGGSx1,0.6492,0.5188,0.6005342449324669,0.4343,0.3859,0.12942718807878492,0.4051,0.7849,exposed,0.3804,moderate_aggregation_risk
32,top,con_0107,pep_648371,NGNPNGEGLPHWPLFDQEEQ,C,Flex_GGGGSx2,0.6481,0.5253,0.698115995272709,0.4339,0.3217,0.14281142892109022,0.4151,0.6858,exposed,0.3407,moderate_aggregation_risk
33,top,con_0200,pep_355822,GTHWHPEHF,C,Flex_GGGGSx1,0.6456,0.5219,0.6802610690635131,0.4255,0.3217,0.135693356285758,0.4245,0.6399,exposed,0.3544,moderate_aggregation_risk
34,top,con_0067,pep_142399,DLDEIVLHYPYIPPGEK,N,Flex_GGGGSx1,0.6443,0.5179,0.6752204505244368,0.4674,0.2776,0.12976724464832007,0.4105,0.7226,exposed,0.361,moderate_aggregation_risk
35,top,con_0077,pep_977590,VPSLRDVHHEPVYPQPPF,C,Flex_GGGGSx2,0.6433,0.5328,0.673077634328642,0.3786,0.3217,0.13967931926774893,0.4098,0.7159,exposed,0.3528,moderate_aggregation_risk
36,top,con_0072,pep_142399,DLDEIVLHYPYIPPGEK,Both,Flex_GGGGSx2,0.6418,0.5255,0.6879366460286069,0.4882,0.2917,0.1350640545475837,0.4025,0.7582,exposed,0.3575,moderate_aggregation_risk
37,top,con_0202,pep_355822,GTHWHPEHF,N,Flex_GGGGSx2,0.6418,0.5314,0.6802610690635131,0.4125,0.3752,0.13036531561288897,0.3958,0.7476,exposed,0.3088,moderate_aggregation_risk
38,top,con_0065,pep_164493,DRTWHPEHFF,C,Flex_GGGGSx2,0.6407,0.5173,0.6729673674308008,0.3845,0.3217,0.13765771924656364,0.4078,0.7301,exposed,0.3621,moderate_aggregation_risk
39,top,con_0093,pep_679714,PAFELHYPHMVER,Both,Flex_GGGGSx1,0.64,0.5361,0.6736090027553862,0.4239,0.3335,0.13282925027680684,0.4012,0.7693,exposed,0.3656,moderate_aggregation_risk
40,top,con_0123,pep_216524,EIVLHYPYIPPGEKE,Both,Flex_GGGGSx1,0.6392,0.5187,0.6922552516776175,0.5131,0.2797,0.13367197410045703,0.407,0.7477,exposed,0.379,moderate_aggregation_risk
41,top,con_0174,pep_252920,EVYPPGPYHPFPNY,Both,Flex_GGGGSx2,0.6361,0.5261,0.6597313550811733,0.5064,0.3631,0.13332496573113733,0.3937,0.7629,exposed,0.3264,moderate_aggregation_risk
42,top,con_0237,pep_432652,IMAIEMVEGEPPYLNENPLR,Both,Flex_GGGGSx1,0.6354,0.5287,0.681991993927267,0.4793,0.3425,0.13294543202375964,0.3955,0.7772,exposed,0.3526,moderate_aggregation_risk
43,top,con_0181,pep_954776,VIEMVDGEPPYFNEPPLK,N,Flex_GGGGSx1,0.6345,0.5384,0.6792409691549144,0.4935,0.3459,0.12996798961116024,0.396,0.7718,exposed,0.3524,moderate_aggregation_risk
44,top,con_0227,pep_233907,EPTMYGEILSPNYPQAYPSEV,C,Flex_GGGGSx2,0.6336,0.5097,0.6668569092400346,0.4493,0.3217,0.133389814166599,0.4003,0.7454,exposed,0.3526,moderate_aggregation_risk
45,top,con_0173,pep_252920,EVYPPGPYHPFPNY,C,Flex_GGGGSx2,0.6322,0.5168,0.6634370289331185,0.4622,0.3217,0.13531782251015745,0.4084,0.6971,exposed,0.3538,moderate_aggregation_risk
46,top,con_0129,pep_020977,AEPPGVEPYPYPIPTV,Both,Flex_GGGGSx1,0.6313,0.5232,0.6860031480954877,0.5346,0.2736,0.13073038488201744,0.3972,0.7696,exposed,0.3649,moderate_aggregation_risk
47,top,con_0075,pep_977590,VPSLRDVHHEPVYPQPPF,Both,Flex_GGGGSx1,0.6274,0.547,0.6747416400489261,0.4357,0.3788,0.13493131486063495,0.3863,0.7929,exposed,0.3361,moderate_aggregation_risk
48,top,con_0074,pep_977590,VPSLRDVHHEPVYPQPPF,C,Flex_GGGGSx1,0.6255,0.5347,0.6707629717067278,0.4313,0.3217,0.13862407985907882,0.4154,0.6485,exposed,0.3616,moderate_aggregation_risk
49,top,con_0096,pep_679714,PAFELHYPHMVER,Both,Flex_GGGGSx2,0.624,0.5336,0.6768195858304845,0.427,0.3146,0.135625125254656,0.3891,0.7936,exposed,0.3613,moderate_aggregation_risk
50,top,con_0169,pep_252920,EVYPPGPYHPFPNY,N,Flex_GGGGSx1,0.6238,0.5236,0.6594575900900753,0.4425,0.3694,0.12828837326294137,0.397,0.7259,exposed,0.3389,moderate_aggregation_risk
51,top,con_0055,pep_648372,NGNPNGEGLPHWPLFDQEEQY,N,Flex_GGGGSx1,0.6234,0.5318,0.6881972366721908,0.4416,0.3611,0.13256068317079917,0.3972,0.75,exposed,0.3651,moderate_aggregation_risk
52,top,con_0073,pep_977590,VPSLRDVHHEPVYPQPPF,N,Flex_GGGGSx1,0.6233,0.5445,0.6695586304310892,0.4154,0.3788,0.13251307268418203,0.3967,0.7512,exposed,0.3637,moderate_aggregation_risk
53,top,con_0183,pep_954776,VIEMVDGEPPYFNEPPLK,Both,Flex_GGGGSx1,0.6216,0.5418,0.6925551842983605,0.4893,0.3459,0.13274970974422554,0.3889,0.7919,exposed,0.3645,moderate_aggregation_risk
54,top,con_0122,pep_216524,EIVLHYPYIPPGEKE,C,Flex_GGGGSx1,0.6214,0.5236,0.6800536642540126,0.4996,0.3217,0.13572167489388234,0.4301,0.5493,exposed,0.3563,moderate_aggregation_risk
55,top,con_0094,pep_679714,PAFELHYPHMVER,N,Flex_GGGGSx2,0.6212,0.5294,0.670117216525183,0.3876,0.3146,0.13056956317078708,0.3954,0.7259,exposed,0.3364,moderate_aggregation_risk
56,top,con_0132,pep_020977,AEPPGVEPYPYPIPTV,Both,Flex_GGGGSx2,0.6208,0.5289,0.6886850356015654,0.519,0.3013,0.1336841544623427,0.3869,0.7841,exposed,0.3474,moderate_aggregation_risk
57,top,con_0064,pep_164493,DRTWHPEHFF,N,Flex_GGGGSx2,0.619,0.5239,0.6706024041971641,0.417,0.3528,0.13091711080798568,0.4025,0.6743,exposed,0.3305,moderate_aggregation_risk
58,top,con_0091,pep_679714,PAFELHYPHMVER,N,Flex_GGGGSx1,0.6187,0.5352,0.6688880316725418,0.4377,0.3335,0.128368522595063,0.3944,0.7533,exposed,0.3644,moderate_aggregation_risk
59,top,con_0068,pep_142399,DLDEIVLHYPYIPPGEK,C,Flex_GGGGSx1,0.6177,0.5284,0.6763469517489554,0.4844,0.3217,0.1348864571987988,0.4226,0.6161,exposed,0.3897,moderate_aggregation_risk
60,top,con_0170,pep_252920,EVYPPGPYHPFPNY,C,Flex_GGGGSx1,0.6156,0.5178,0.6608199640124458,0.4952,0.3217,0.135298353064824,0.4003,0.7084,exposed,0.3606,moderate_aggregation_risk
61,top,con_0106,pep_648371,NGNPNGEGLPHWPLFDQEEQ,N,Flex_GGGGSx2,0.6133,0.528,0.6965178620532869,0.4426,0.3388,0.13490820478020918,0.397,0.6903,exposed,0.3297,moderate_aggregation_risk
62,top,con_0103,pep_648371,NGNPNGEGLPHWPLFDQEEQ,N,Flex_GGGGSx1,0.6123,0.5244,0.695686877270596,0.4514,0.3202,0.13411858512093325,0.3981,0.6927,exposed,0.3406,moderate_aggregation_risk
63,top,con_0158,pep_033299,AHEAEMWEVHFHPSNPEHLF,C,Flex_GGGGSx1,0.6123,0.5166,0.6945428662929554,0.424,0.3217,0.13457724731692142,0.3937,0.7437,exposed,0.3668,moderate_aggregation_risk
64,top,con_0108,pep_648371,NGNPNGEGLPHWPLFDQEEQ,Both,Flex_GGGGSx2,0.6106,0.5372,0.7231922483235975,0.4776,0.3388,0.143173336995732,0.3845,0.7501,exposed,0.3253,moderate_aggregation_risk
65,top,con_0069,pep_142399,DLDEIVLHYPYIPPGEK,Both,Flex_GGGGSx1,0.6094,0.5223,0.6852373040917701,0.5018,0.2776,0.13183035897817594,0.3925,0.7396,exposed,0.3632,moderate_aggregation_risk
66,top,con_0059,pep_648372,NGNPNGEGLPHWPLFDQEEQY,C,Flex_GGGGSx2,0.6091,0.5245,0.6909249156316696,0.4198,0.3217,0.141754240197051,0.3935,0.7139,exposed,0.3438,moderate_aggregation_risk
67,top,con_0184,pep_954776,VIEMVDGEPPYFNEPPLK,N,Flex_GGGGSx2,0.6087,0.5391,0.6803075920194502,0.4706,0.3542,0.129274649600225,0.3948,0.7106,exposed,0.3489,moderate_aggregation_risk
68,top,con_0104,pep_648371,NGNPNGEGLPHWPLFDQEEQ,C,Flex_GGGGSx1,0.6085,0.5257,0.6965178620532869,0.452,0.3217,0.14216676616561738,0.3972,0.7088,exposed,0.3611,moderate_aggregation_risk
69,top,con_0127,pep_020977,AEPPGVEPYPYPIPTV,N,Flex_GGGGSx1,0.6069,0.5171,0.6756099935787019,0.4752,0.2736,0.12559002758204182,0.3979,0.7127,exposed,0.3732,moderate_aggregation_risk
70,top,con_0164,pep_299544,FVTFPYPYMNGR,C,Flex_GGGGSx1,0.6066,0.5167,0.6326129473277242,0.4856,0.3217,0.131542584683859,0.3931,0.739,exposed,0.3728,moderate_aggregation_risk
71,top,con_0157,pep_033299,AHEAEMWEVHFHPSNPEHLF,N,Flex_GGGGSx1,0.6055,0.5324,0.6936840189225904,0.427,0.4024,0.131548748355835,0.3993,0.6758,exposed,0.3476,moderate_aggregation_risk
72,top,con_0070,pep_142399,DLDEIVLHYPYIPPGEK,N,Flex_GGGGSx2,0.6049,0.521,0.6763469517489554,0.4664,0.2917,0.12966173501950026,0.3948,0.7048,exposed,0.3526,moderate_aggregation_risk
73,top,con_0235,pep_432652,IMAIEMVEGEPPYLNENPLR,N,Flex_GGGGSx1,0.6044,0.525,0.6735251332444593,0.4554,0.3425,0.1293902501692636,0.4053,0.6711,exposed,0.3797,moderate_aggregation_risk
74,top,con_0130,pep_020977,AEPPGVEPYPYPIPTV,N,Flex_GGGGSx2,0.6017,0.5225,0.6767337435074402,0.4688,0.3013,0.12498741538403556,0.3912,0.7304,exposed,0.3658,moderate_aggregation_risk
75,top,con_0076,pep_977590,VPSLRDVHHEPVYPQPPF,N,Flex_GGGGSx2,0.6014,0.5453,0.6707629717067278,0.4034,0.3845,0.13238038278337735,0.3931,0.7128,exposed,0.3596,moderate_aggregation_risk
76,top,con_0238,pep_432652,IMAIEMVEGEPPYLNENPLR,N,Flex_GGGGSx2,0.5999,0.5269,0.674667273329974,0.4287,0.3565,0.13100891672351425,0.3937,0.7232,exposed,0.3772,moderate_aggregation_risk
77,top,con_0159,pep_033299,AHEAEMWEVHFHPSNPEHLF,Both,Flex_GGGGSx1,0.5955,0.5406,0.7183631321494216,0.4636,0.4024,0.13351238630451523,0.3854,0.7425,exposed,0.3605,moderate_aggregation_risk
78,top,con_0171,pep_252920,EVYPPGPYHPFPNY,Both,Flex_GGGGSx1,0.5953,0.5265,0.6558273156145429,0.5112,0.3694,0.1318707235112822,0.3909,0.7469,exposed,0.3965,moderate_aggregation_risk
79,top,con_0239,pep_432652,IMAIEMVEGEPPYLNENPLR,C,Flex_GGGGSx2,0.5927,0.5215,0.6768629340239124,0.4404,0.3217,0.13477203747806485,0.4149,0.553,exposed,0.3454,moderate_aggregation_risk
80,top,con_0121,pep_216524,EIVLHYPYIPPGEKE,N,Flex_GGGGSx1,0.5922,0.5143,0.6789752330153964,0.4931,0.2797,0.1319246934310812,0.4051,0.6597,exposed,0.3978,moderate_aggregation_risk
81,top,con_0063,pep_164493,DRTWHPEHFF,Both,Flex_GGGGSx1,0.5919,0.5299,0.674589385381276,0.4438,0.3708,0.13125756461956609,0.404,0.6411,exposed,0.3736,moderate_aggregation_risk
82,top,con_0126,pep_216524,EIVLHYPYIPPGEKE,Both,Flex_GGGGSx2,0.5901,0.5239,0.6947057899375226,0.507,0.3026,0.13636314938797653,0.3976,0.6935,exposed,0.3941,moderate_aggregation_risk
83,top,con_0160,pep_033299,AHEAEMWEVHFHPSNPEHLF,N,Flex_GGGGSx2,0.5872,0.5346,0.6945428662929554,0.3927,0.4199,0.13386242569811493,0.391,0.7021,exposed,0.3725,moderate_aggregation_risk
84,top,con_0056,pep_648372,NGNPNGEGLPHWPLFDQEEQY,C,Flex_GGGGSx1,0.5838,0.5253,0.6891303940318382,0.4482,0.3217,0.14064775694851522,0.3912,0.6645,exposed,0.3447,moderate_aggregation_risk
85,top,con_0125,pep_216524,EIVLHYPYIPPGEKE,C,Flex_GGGGSx2,0.5732,0.5234,0.6821260001106682,0.4813,0.3217,0.13783704468793712,0.4116,0.5095,exposed,0.332,moderate_aggregation_risk
86,top,con_0057,pep_648372,NGNPNGEGLPHWPLFDQEEQY,Both,Flex_GGGGSx1,0.5658,0.5387,0.7085002906859746,0.464,0.3611,0.13931767656500268,0.3712,0.7409,exposed,0.3525,moderate_aggregation_risk
87,top,con_0162,pep_033299,AHEAEMWEVHFHPSNPEHLF,Both,Flex_GGGGSx2,0.5536,0.5456,0.7197818475401636,0.4869,0.4199,0.13405049502144795,0.368,0.718,exposed,0.3419,moderate_aggregation_risk
88,top,con_0240,pep_432652,IMAIEMVEGEPPYLNENPLR,Both,Flex_GGGGSx2,0.5533,0.533,0.6847791963194734,0.4924,0.3565,0.1348826346247717,0.3666,0.7106,exposed,0.3273,moderate_aggregation_risk
89,top,con_0124,pep_216524,EIVLHYPYIPPGEKE,N,Flex_GGGGSx2,0.5387,0.519,0.6800536642540126,0.4942,0.3026,0.13039835485347306,0.3986,0.5586,exposed,0.3934,moderate_aggregation_risk
90,top,con_0236,pep_432652,IMAIEMVEGEPPYLNENPLR,C,Flex_GGGGSx1,0.5234,0.5207,0.674667273329974,0.4411,0.3217,0.13148343862025158,0.3852,0.5623,exposed,0.3594,moderate_aggregation_risk
