construct_id,channel,peptide_id,peptide_sequence,peptide_weighted_score,peptide_anoxpepred,peptide_bepipred3,linker_id,linker_sequence,position,sequence,length,sodope_score,construct_anoxpepred,construct_bepipred3,construct_temstapro,anox_change_ratio,anox_change_flag,bepi_change_ratio,composite_score,group_key,group_rank,rank
con_0078,top,pep_977590,VPSLRDVHHEPVYPQPPF,0.6682,0.5669,0.28962733662790724,Flex_GGGGSx2,GGGGSGGGGS,Both,VPSLRDVHHEPVYPQPPFGGGGSGGGGSMGLPTALVNFVDVNEARPVIDNGQLVSRALIDKVFELIDGADIPLYAQMMIQSVNDQANSGDAASQASAVVLAINAIAELANGIPGDACESAALVNAYAYAVSTGNSAGLRSALVKYVQRINANIDAIVRLVNSPLEFSTSAAVGAGAGSGAASGAGAGSGAGAGSGAGAGSGAGAGSGAGAGSGAGAGSGAGAGSGAGAGSGAGAGSGAGAGSGAGAGYGAGVGAGYGAGYGAGAGYGFGPYVANGGYSRREGYEYAWSSKSDFETGSGAASGAGAGAGSGAGAGSGAGAGSGAGAGSGAGAGGSVSYGAGRGYGQGAGSAASSVSSASSRSYDYSRRNVRKNCGIPRRQLVVKFRALPCVNCLEGGGGSGGGGSVPSLRDVHHEPVYPQPPFGGGGSGGGGSLEHHHHHH,440,0.6778353719985396,0.3845,0.13626234689896757,0.4189,0.6783,⚠ DROP,,0.5482,pep_977590|Flex_GGGGSx2,1,1
con_0076,top,pep_977590,VPSLRDVHHEPVYPQPPF,0.6682,0.5669,0.28962733662790724,Flex_GGGGSx2,GGGGSGGGGS,N,VPSLRDVHHEPVYPQPPFGGGGSGGGGSMGLPTALVNFVDVNEARPVIDNGQLVSRALIDKVFELIDGADIPLYAQMMIQSVNDQANSGDAASQASAVVLAINAIAELANGIPGDACESAALVNAYAYAVSTGNSAGLRSALVKYVQRINANIDAIVRLVNSPLEFSTSAAVGAGAGSGAASGAGAGSGAGAGSGAGAGSGAGAGSGAGAGSGAGAGSGAGAGSGAGAGSGAGAGSGAGAGSGAGAGYGAGVGAGYGAGYGAGAGYGFGPYVANGGYSRREGYEYAWSSKSDFETGSGAASGAGAGAGSGAGAGSGAGAGSGAGAGSGAGAGGSVSYGAGRGYGQGAGSAASSVSSASSRSYDYSRRNVRKNCGIPRRQLVVKFRALPCVNCLELEHHHHHH,402,0.6707629717067278,0.3845,0.13238038278337735,0.4034,0.6783,⚠ DROP,,0.5453,pep_977590|Flex_GGGGSx2,1,2
con_0077,top,pep_977590,VPSLRDVHHEPVYPQPPF,0.6682,0.5669,0.28962733662790724,Flex_GGGGSx2,GGGGSGGGGS,C,MGLPTALVNFVDVNEARPVIDNGQLVSRALIDKVFELIDGADIPLYAQMMIQSVNDQANSGDAASQASAVVLAINAIAELANGIPGDACESAALVNAYAYAVSTGNSAGLRSALVKYVQRINANIDAIVRLVNSPLEFSTSAAVGAGAGSGAASGAGAGSGAGAGSGAGAGSGAGAGSGAGAGSGAGAGSGAGAGSGAGAGSGAGAGSGAGAGSGAGAGYGAGVGAGYGAGYGAGAGYGFGPYVANGGYSRREGYEYAWSSKSDFETGSGAASGAGAGAGSGAGAGSGAGAGSGAGAGSGAGAGGSVSYGAGRGYGQGAGSAASSVSSASSRSYDYSRRNVRKNCGIPRRQLVVKFRALPCVNCLEGGGGSGGGGSVPSLRDVHHEPVYPQPPFGGGGSGGGGSLEHHHHHH,412,0.673077634328642,0.3217,0.13967931926774893,0.3786,0.5675,⚠ DROP,,0.5328,pep_977590|Flex_GGGGSx2,1,3
con_0075,top,pep_977590,VPSLRDVHHEPVYPQPPF,0.6682,0.5669,0.28962733662790724,Flex_GGGGSx1,GGGGS,Both,VPSLRDVHHEPVYPQPPFGGGGSMGLPTALVNFVDVNEARPVIDNGQLVSRALIDKVFELIDGADIPLYAQMMIQSVNDQANSGDAASQASAVVLAINAIAELANGIPGDACESAALVNAYAYAVSTGNSAGLRSALVKYVQRINANIDAIVRLVNSPLEFSTSAAVGAGAGSGAASGAGAGSGAGAGSGAGAGSGAGAGSGAGAGSGAGAGSGAGAGSGAGAGSGAGAGSGAGAGSGAGAGYGAGVGAGYGAGYGAGAGYGFGPYVANGGYSRREGYEYAWSSKSDFETGSGAASGAGAGAGSGAGAGSGAGAGSGAGAGSGAGAGGSVSYGAGRGYGQGAGSAASSVSSASSRSYDYSRRNVRKNCGIPRRQLVVKFRALPCVNCLEGGGGSVPSLRDVHHEPVYPQPPFGGGGSLEHHHHHH,425,0.6747416400489261,0.3788,0.13493131486063495,0.4357,0.6682,⚠ DROP,,0.547,pep_977590|Flex_GGGGSx1,2,4
con_0073,top,pep_977590,VPSLRDVHHEPVYPQPPF,0.6682,0.5669,0.28962733662790724,Flex_GGGGSx1,GGGGS,N,VPSLRDVHHEPVYPQPPFGGGGSMGLPTALVNFVDVNEARPVIDNGQLVSRALIDKVFELIDGADIPLYAQMMIQSVNDQANSGDAASQASAVVLAINAIAELANGIPGDACESAALVNAYAYAVSTGNSAGLRSALVKYVQRINANIDAIVRLVNSPLEFSTSAAVGAGAGSGAASGAGAGSGAGAGSGAGAGSGAGAGSGAGAGSGAGAGSGAGAGSGAGAGSGAGAGSGAGAGSGAGAGYGAGVGAGYGAGYGAGAGYGFGPYVANGGYSRREGYEYAWSSKSDFETGSGAASGAGAGAGSGAGAGSGAGAGSGAGAGSGAGAGGSVSYGAGRGYGQGAGSAASSVSSASSRSYDYSRRNVRKNCGIPRRQLVVKFRALPCVNCLELEHHHHHH,397,0.6695586304310892,0.3788,0.13251307268418203,0.4154,0.6682,⚠ DROP,,0.5445,pep_977590|Flex_GGGGSx1,2,5
con_0074,top,pep_977590,VPSLRDVHHEPVYPQPPF,0.6682,0.5669,0.28962733662790724,Flex_GGGGSx1,GGGGS,C,MGLPTALVNFVDVNEARPVIDNGQLVSRALIDKVFELIDGADIPLYAQMMIQSVNDQANSGDAASQASAVVLAINAIAELANGIPGDACESAALVNAYAYAVSTGNSAGLRSALVKYVQRINANIDAIVRLVNSPLEFSTSAAVGAGAGSGAASGAGAGSGAGAGSGAGAGSGAGAGSGAGAGSGAGAGSGAGAGSGAGAGSGAGAGSGAGAGSGAGAGYGAGVGAGYGAGYGAGAGYGFGPYVANGGYSRREGYEYAWSSKSDFETGSGAASGAGAGAGSGAGAGSGAGAGSGAGAGSGAGAGGSVSYGAGRGYGQGAGSAASSVSSASSRSYDYSRRNVRKNCGIPRRQLVVKFRALPCVNCLEGGGGSVPSLRDVHHEPVYPQPPFGGGGSLEHHHHHH,402,0.6707629717067278,0.3217,0.13862407985907882,0.4313,0.5675,⚠ DROP,,0.5347,pep_977590|Flex_GGGGSx1,2,6
con_0216,top,pep_238278,ERELPYYPGAHPMHPPK,0.6329,0.5186,0.2880943512215334,Flex_GGGGSx2,GGGGSGGGGS,Both,ERELPYYPGAHPMHPPKGGGGSGGGGSMGLPTALVNFVDVNEARPVIDNGQLVSRALIDKVFELIDGADIPLYAQMMIQSVNDQANSGDAASQASAVVLAINAIAELANGIPGDACESAALVNAYAYAVSTGNSAGLRSALVKYVQRINANIDAIVRLVNSPLEFSTSAAVGAGAGSGAASGAGAGSGAGAGSGAGAGSGAGAGSGAGAGSGAGAGSGAGAGSGAGAGSGAGAGSGAGAGSGAGAGYGAGVGAGYGAGYGAGAGYGFGPYVANGGYSRREGYEYAWSSKSDFETGSGAASGAGAGAGSGAGAGSGAGAGSGAGAGSGAGAGGSVSYGAGRGYGQGAGSAASSVSSASSRSYDYSRRNVRKNCGIPRRQLVVKFRALPCVNCLEGGGGSGGGGSERELPYYPGAHPMHPPKGGGGSGGGGSLEHHHHHH,438,0.704727031296303,0.3956,0.13841859457895295,0.4791,0.7628,⚠ DROP,,0.5463,pep_238278|Flex_GGGGSx2,3,7
con_0214,top,pep_238278,ERELPYYPGAHPMHPPK,0.6329,0.5186,0.2880943512215334,Flex_GGGGSx2,GGGGSGGGGS,N,ERELPYYPGAHPMHPPKGGGGSGGGGSMGLPTALVNFVDVNEARPVIDNGQLVSRALIDKVFELIDGADIPLYAQMMIQSVNDQANSGDAASQASAVVLAINAIAELANGIPGDACESAALVNAYAYAVSTGNSAGLRSALVKYVQRINANIDAIVRLVNSPLEFSTSAAVGAGAGSGAASGAGAGSGAGAGSGAGAGSGAGAGSGAGAGSGAGAGSGAGAGSGAGAGSGAGAGSGAGAGSGAGAGYGAGVGAGYGAGYGAGAGYGFGPYVANGGYSRREGYEYAWSSKSDFETGSGAASGAGAGAGSGAGAGSGAGAGSGAGAGSGAGAGGSVSYGAGRGYGQGAGSAASSVSSASSRSYDYSRRNVRKNCGIPRRQLVVKFRALPCVNCLELEHHHHHH,401,0.685768034420952,0.3956,0.1324844714936956,0.4183,0.7628,⚠ DROP,,0.5379,pep_238278|Flex_GGGGSx2,3,8
con_0215,top,pep_238278,ERELPYYPGAHPMHPPK,0.6329,0.5186,0.2880943512215334,Flex_GGGGSx2,GGGGSGGGGS,C,MGLPTALVNFVDVNEARPVIDNGQLVSRALIDKVFELIDGADIPLYAQMMIQSVNDQANSGDAASQASAVVLAINAIAELANGIPGDACESAALVNAYAYAVSTGNSAGLRSALVKYVQRINANIDAIVRLVNSPLEFSTSAAVGAGAGSGAASGAGAGSGAGAGSGAGAGSGAGAGSGAGAGSGAGAGSGAGAGSGAGAGSGAGAGSGAGAGSGAGAGYGAGVGAGYGAGYGAGAGYGFGPYVANGGYSRREGYEYAWSSKSDFETGSGAASGAGAGAGSGAGAGSGAGAGSGAGAGSGAGAGGSVSYGAGRGYGQGAGSAASSVSSASSRSYDYSRRNVRKNCGIPRRQLVVKFRALPCVNCLEGGGGSGGGGSERELPYYPGAHPMHPPKGGGGSGGGGSLEHHHHHH,411,0.6876724901196121,0.3217,0.1402300544690404,0.4187,0.6203,⚠ DROP,,0.5244,pep_238278|Flex_GGGGSx2,3,9
con_0162,top,pep_033299,AHEAEMWEVHFHPSNPEHLF,0.6099,0.5105,0.12215051840990782,Flex_GGGGSx2,GGGGSGGGGS,Both,AHEAEMWEVHFHPSNPEHLFGGGGSGGGGSMGLPTALVNFVDVNEARPVIDNGQLVSRALIDKVFELIDGADIPLYAQMMIQSVNDQANSGDAASQASAVVLAINAIAELANGIPGDACESAALVNAYAYAVSTGNSAGLRSALVKYVQRINANIDAIVRLVNSPLEFSTSAAVGAGAGSGAASGAGAGSGAGAGSGAGAGSGAGAGSGAGAGSGAGAGSGAGAGSGAGAGSGAGAGSGAGAGSGAGAGYGAGVGAGYGAGYGAGAGYGFGPYVANGGYSRREGYEYAWSSKSDFETGSGAASGAGAGAGSGAGAGSGAGAGSGAGAGSGAGAGGSVSYGAGRGYGQGAGSAASSVSSASSRSYDYSRRNVRKNCGIPRRQLVVKFRALPCVNCLEGGGGSGGGGSAHEAEMWEVHFHPSNPEHLFGGGGSGGGGSLEHHHHHH,444,0.7197818475401636,0.4199,0.13405049502144795,0.4869,0.8225,OK,,0.5456,pep_033299|Flex_GGGGSx2,4,10
con_0160,top,pep_033299,AHEAEMWEVHFHPSNPEHLF,0.6099,0.5105,0.12215051840990782,Flex_GGGGSx2,GGGGSGGGGS,N,AHEAEMWEVHFHPSNPEHLFGGGGSGGGGSMGLPTALVNFVDVNEARPVIDNGQLVSRALIDKVFELIDGADIPLYAQMMIQSVNDQANSGDAASQASAVVLAINAIAELANGIPGDACESAALVNAYAYAVSTGNSAGLRSALVKYVQRINANIDAIVRLVNSPLEFSTSAAVGAGAGSGAASGAGAGSGAGAGSGAGAGSGAGAGSGAGAGSGAGAGSGAGAGSGAGAGSGAGAGSGAGAGSGAGAGYGAGVGAGYGAGYGAGAGYGFGPYVANGGYSRREGYEYAWSSKSDFETGSGAASGAGAGAGSGAGAGSGAGAGSGAGAGSGAGAGGSVSYGAGRGYGQGAGSAASSVSSASSRSYDYSRRNVRKNCGIPRRQLVVKFRALPCVNCLELEHHHHHH,404,0.6945428662929554,0.4199,0.13386242569811493,0.3927,0.8225,OK,,0.5346,pep_033299|Flex_GGGGSx2,4,11
con_0161,top,pep_033299,AHEAEMWEVHFHPSNPEHLF,0.6099,0.5105,0.12215051840990782,Flex_GGGGSx2,GGGGSGGGGS,C,MGLPTALVNFVDVNEARPVIDNGQLVSRALIDKVFELIDGADIPLYAQMMIQSVNDQANSGDAASQASAVVLAINAIAELANGIPGDACESAALVNAYAYAVSTGNSAGLRSALVKYVQRINANIDAIVRLVNSPLEFSTSAAVGAGAGSGAASGAGAGSGAGAGSGAGAGSGAGAGSGAGAGSGAGAGSGAGAGSGAGAGSGAGAGSGAGAGSGAGAGYGAGVGAGYGAGYGAGAGYGFGPYVANGGYSRREGYEYAWSSKSDFETGSGAASGAGAGAGSGAGAGSGAGAGSGAGAGSGAGAGGSVSYGAGRGYGQGAGSAASSVSSASSRSYDYSRRNVRKNCGIPRRQLVVKFRALPCVNCLEGGGGSGGGGSAHEAEMWEVHFHPSNPEHLFGGGGSGGGGSLEHHHHHH,414,0.6961945115610102,0.3217,0.13557198585645444,0.4057,0.6302,⚠ DROP,,0.5162,pep_033299|Flex_GGGGSx2,4,12
con_0186,top,pep_954776,VIEMVDGEPPYFNEPPLK,0.6544,0.5301,0.2655570480558607,Flex_GGGGSx2,GGGGSGGGGS,Both,VIEMVDGEPPYFNEPPLKGGGGSGGGGSMGLPTALVNFVDVNEARPVIDNGQLVSRALIDKVFELIDGADIPLYAQMMIQSVNDQANSGDAASQASAVVLAINAIAELANGIPGDACESAALVNAYAYAVSTGNSAGLRSALVKYVQRINANIDAIVRLVNSPLEFSTSAAVGAGAGSGAASGAGAGSGAGAGSGAGAGSGAGAGSGAGAGSGAGAGSGAGAGSGAGAGSGAGAGSGAGAGSGAGAGYGAGVGAGYGAGYGAGAGYGFGPYVANGGYSRREGYEYAWSSKSDFETGSGAASGAGAGAGSGAGAGSGAGAGSGAGAGSGAGAGGSVSYGAGRGYGQGAGSAASSVSSASSRSYDYSRRNVRKNCGIPRRQLVVKFRALPCVNCLEGGGGSGGGGSVIEMVDGEPPYFNEPPLKGGGGSGGGGSLEHHHHHH,440,0.6949608846105322,0.3542,0.1376284637547691,0.5016,0.6682,⚠ DROP,,0.5452,pep_954776|Flex_GGGGSx2,5,13
con_0184,top,pep_954776,VIEMVDGEPPYFNEPPLK,0.6544,0.5301,0.2655570480558607,Flex_GGGGSx2,GGGGSGGGGS,N,VIEMVDGEPPYFNEPPLKGGGGSGGGGSMGLPTALVNFVDVNEARPVIDNGQLVSRALIDKVFELIDGADIPLYAQMMIQSVNDQANSGDAASQASAVVLAINAIAELANGIPGDACESAALVNAYAYAVSTGNSAGLRSALVKYVQRINANIDAIVRLVNSPLEFSTSAAVGAGAGSGAASGAGAGSGAGAGSGAGAGSGAGAGSGAGAGSGAGAGSGAGAGSGAGAGSGAGAGSGAGAGSGAGAGYGAGVGAGYGAGYGAGAGYGFGPYVANGGYSRREGYEYAWSSKSDFETGSGAASGAGAGAGSGAGAGSGAGAGSGAGAGSGAGAGGSVSYGAGRGYGQGAGSAASSVSSASSRSYDYSRRNVRKNCGIPRRQLVVKFRALPCVNCLELEHHHHHH,402,0.6803075920194502,0.3542,0.129274649600225,0.4706,0.6682,⚠ DROP,,0.5391,pep_954776|Flex_GGGGSx2,5,14
con_0185,top,pep_954776,VIEMVDGEPPYFNEPPLK,0.6544,0.5301,0.2655570480558607,Flex_GGGGSx2,GGGGSGGGGS,C,MGLPTALVNFVDVNEARPVIDNGQLVSRALIDKVFELIDGADIPLYAQMMIQSVNDQANSGDAASQASAVVLAINAIAELANGIPGDACESAALVNAYAYAVSTGNSAGLRSALVKYVQRINANIDAIVRLVNSPLEFSTSAAVGAGAGSGAASGAGAGSGAGAGSGAGAGSGAGAGSGAGAGSGAGAGSGAGAGSGAGAGSGAGAGSGAGAGSGAGAGYGAGVGAGYGAGYGAGAGYGFGPYVANGGYSRREGYEYAWSSKSDFETGSGAASGAGAGAGSGAGAGSGAGAGSGAGAGSGAGAGGSVSYGAGRGYGQGAGSAASSVSSASSRSYDYSRRNVRKNCGIPRRQLVVKFRALPCVNCLEGGGGSGGGGSVIEMVDGEPPYFNEPPLKGGGGSGGGGSLEHHHHHH,412,0.6823578529237763,0.3217,0.13591560041079823,0.4143,0.6069,⚠ DROP,,0.531,pep_954776|Flex_GGGGSx2,5,15
con_0213,top,pep_238278,ERELPYYPGAHPMHPPK,0.6329,0.5186,0.2880943512215334,Flex_GGGGSx1,GGGGS,Both,ERELPYYPGAHPMHPPKGGGGSMGLPTALVNFVDVNEARPVIDNGQLVSRALIDKVFELIDGADIPLYAQMMIQSVNDQANSGDAASQASAVVLAINAIAELANGIPGDACESAALVNAYAYAVSTGNSAGLRSALVKYVQRINANIDAIVRLVNSPLEFSTSAAVGAGAGSGAASGAGAGSGAGAGSGAGAGSGAGAGSGAGAGSGAGAGSGAGAGSGAGAGSGAGAGSGAGAGSGAGAGYGAGVGAGYGAGYGAGAGYGFGPYVANGGYSRREGYEYAWSSKSDFETGSGAASGAGAGAGSGAGAGSGAGAGSGAGAGSGAGAGGSVSYGAGRGYGQGAGSAASSVSSASSRSYDYSRRNVRKNCGIPRRQLVVKFRALPCVNCLEGGGGSERELPYYPGAHPMHPPKGGGGSLEHHHHHH,423,0.7026987344119661,0.3766,0.1361083247309141,0.4803,0.7262,⚠ DROP,,0.5418,pep_238278|Flex_GGGGSx1,6,16
con_0211,top,pep_238278,ERELPYYPGAHPMHPPK,0.6329,0.5186,0.2880943512215334,Flex_GGGGSx1,GGGGS,N,ERELPYYPGAHPMHPPKGGGGSMGLPTALVNFVDVNEARPVIDNGQLVSRALIDKVFELIDGADIPLYAQMMIQSVNDQANSGDAASQASAVVLAINAIAELANGIPGDACESAALVNAYAYAVSTGNSAGLRSALVKYVQRINANIDAIVRLVNSPLEFSTSAAVGAGAGSGAASGAGAGSGAGAGSGAGAGSGAGAGSGAGAGSGAGAGSGAGAGSGAGAGSGAGAGSGAGAGSGAGAGYGAGVGAGYGAGYGAGAGYGFGPYVANGGYSRREGYEYAWSSKSDFETGSGAASGAGAGAGSGAGAGSGAGAGSGAGAGSGAGAGGSVSYGAGRGYGQGAGSAASSVSSASSRSYDYSRRNVRKNCGIPRRQLVVKFRALPCVNCLELEHHHHHH,396,0.6847772618657166,0.3766,0.1320639909042817,0.4242,0.7262,⚠ DROP,,0.5341,pep_238278|Flex_GGGGSx1,6,17
con_0212,top,pep_238278,ERELPYYPGAHPMHPPK,0.6329,0.5186,0.2880943512215334,Flex_GGGGSx1,GGGGS,C,MGLPTALVNFVDVNEARPVIDNGQLVSRALIDKVFELIDGADIPLYAQMMIQSVNDQANSGDAASQASAVVLAINAIAELANGIPGDACESAALVNAYAYAVSTGNSAGLRSALVKYVQRINANIDAIVRLVNSPLEFSTSAAVGAGAGSGAASGAGAGSGAGAGSGAGAGSGAGAGSGAGAGSGAGAGSGAGAGSGAGAGSGAGAGSGAGAGSGAGAGYGAGVGAGYGAGYGAGAGYGFGPYVANGGYSRREGYEYAWSSKSDFETGSGAASGAGAGAGSGAGAGSGAGAGSGAGAGSGAGAGGSVSYGAGRGYGQGAGSAASSVSSASSRSYDYSRRNVRKNCGIPRRQLVVKFRALPCVNCLEGGGGSERELPYYPGAHPMHPPKGGGGSLEHHHHHH,401,0.685768034420952,0.3217,0.1395986122281251,0.4545,0.6203,⚠ DROP,,0.5256,pep_238278|Flex_GGGGSx1,6,18
con_0183,top,pep_954776,VIEMVDGEPPYFNEPPLK,0.6544,0.5301,0.2655570480558607,Flex_GGGGSx1,GGGGS,Both,VIEMVDGEPPYFNEPPLKGGGGSMGLPTALVNFVDVNEARPVIDNGQLVSRALIDKVFELIDGADIPLYAQMMIQSVNDQANSGDAASQASAVVLAINAIAELANGIPGDACESAALVNAYAYAVSTGNSAGLRSALVKYVQRINANIDAIVRLVNSPLEFSTSAAVGAGAGSGAASGAGAGSGAGAGSGAGAGSGAGAGSGAGAGSGAGAGSGAGAGSGAGAGSGAGAGSGAGAGSGAGAGYGAGVGAGYGAGYGAGAGYGFGPYVANGGYSRREGYEYAWSSKSDFETGSGAASGAGAGAGSGAGAGSGAGAGSGAGAGSGAGAGGSVSYGAGRGYGQGAGSAASSVSSASSRSYDYSRRNVRKNCGIPRRQLVVKFRALPCVNCLEGGGGSVIEMVDGEPPYFNEPPLKGGGGSLEHHHHHH,425,0.6925551842983605,0.3459,0.13274970974422554,0.4893,0.6525,⚠ DROP,,0.5418,pep_954776|Flex_GGGGSx1,7,19
con_0181,top,pep_954776,VIEMVDGEPPYFNEPPLK,0.6544,0.5301,0.2655570480558607,Flex_GGGGSx1,GGGGS,N,VIEMVDGEPPYFNEPPLKGGGGSMGLPTALVNFVDVNEARPVIDNGQLVSRALIDKVFELIDGADIPLYAQMMIQSVNDQANSGDAASQASAVVLAINAIAELANGIPGDACESAALVNAYAYAVSTGNSAGLRSALVKYVQRINANIDAIVRLVNSPLEFSTSAAVGAGAGSGAASGAGAGSGAGAGSGAGAGSGAGAGSGAGAGSGAGAGSGAGAGSGAGAGSGAGAGSGAGAGSGAGAGYGAGVGAGYGAGYGAGAGYGFGPYVANGGYSRREGYEYAWSSKSDFETGSGAASGAGAGAGSGAGAGSGAGAGSGAGAGSGAGAGGSVSYGAGRGYGQGAGSAASSVSSASSRSYDYSRRNVRKNCGIPRRQLVVKFRALPCVNCLELEHHHHHH,397,0.6792409691549144,0.3459,0.12996798961116024,0.4935,0.6525,⚠ DROP,,0.5384,pep_954776|Flex_GGGGSx1,7,20
con_0182,top,pep_954776,VIEMVDGEPPYFNEPPLK,0.6544,0.5301,0.2655570480558607,Flex_GGGGSx1,GGGGS,C,MGLPTALVNFVDVNEARPVIDNGQLVSRALIDKVFELIDGADIPLYAQMMIQSVNDQANSGDAASQASAVVLAINAIAELANGIPGDACESAALVNAYAYAVSTGNSAGLRSALVKYVQRINANIDAIVRLVNSPLEFSTSAAVGAGAGSGAASGAGAGSGAGAGSGAGAGSGAGAGSGAGAGSGAGAGSGAGAGSGAGAGSGAGAGSGAGAGSGAGAGYGAGVGAGYGAGYGAGAGYGFGPYVANGGYSRREGYEYAWSSKSDFETGSGAASGAGAGAGSGAGAGSGAGAGSGAGAGSGAGAGGSVSYGAGRGYGQGAGSAASSVSSASSRSYDYSRRNVRKNCGIPRRQLVVKFRALPCVNCLEGGGGSVIEMVDGEPPYFNEPPLKGGGGSLEHHHHHH,402,0.6803075920194502,0.3217,0.13344249478379144,0.4488,0.6069,⚠ DROP,,0.532,pep_954776|Flex_GGGGSx1,7,21
con_0060,top,pep_648372,NGNPNGEGLPHWPLFDQEEQY,0.6306,0.515,0.28122007591383796,Flex_GGGGSx2,GGGGSGGGGS,Both,NGNPNGEGLPHWPLFDQEEQYGGGGSGGGGSMGLPTALVNFVDVNEARPVIDNGQLVSRALIDKVFELIDGADIPLYAQMMIQSVNDQANSGDAASQASAVVLAINAIAELANGIPGDACESAALVNAYAYAVSTGNSAGLRSALVKYVQRINANIDAIVRLVNSPLEFSTSAAVGAGAGSGAASGAGAGSGAGAGSGAGAGSGAGAGSGAGAGSGAGAGSGAGAGSGAGAGSGAGAGSGAGAGSGAGAGYGAGVGAGYGAGYGAGAGYGFGPYVANGGYSRREGYEYAWSSKSDFETGSGAASGAGAGAGSGAGAGSGAGAGSGAGAGSGAGAGGSVSYGAGRGYGQGAGSAASSVSSASSRSYDYSRRNVRKNCGIPRRQLVVKFRALPCVNCLEGGGGSGGGGSNGNPNGEGLPHWPLFDQEEQYGGGGSGGGGSLEHHHHHH,446,0.7102761615829317,0.3675,0.1410265058771845,0.4687,0.7136,⚠ DROP,,0.5408,pep_648372|Flex_GGGGSx2,8,22
con_0058,top,pep_648372,NGNPNGEGLPHWPLFDQEEQY,0.6306,0.515,0.28122007591383796,Flex_GGGGSx2,GGGGSGGGGS,N,NGNPNGEGLPHWPLFDQEEQYGGGGSGGGGSMGLPTALVNFVDVNEARPVIDNGQLVSRALIDKVFELIDGADIPLYAQMMIQSVNDQANSGDAASQASAVVLAINAIAELANGIPGDACESAALVNAYAYAVSTGNSAGLRSALVKYVQRINANIDAIVRLVNSPLEFSTSAAVGAGAGSGAASGAGAGSGAGAGSGAGAGSGAGAGSGAGAGSGAGAGSGAGAGSGAGAGSGAGAGSGAGAGSGAGAGYGAGVGAGYGAGYGAGAGYGFGPYVANGGYSRREGYEYAWSSKSDFETGSGAASGAGAGAGSGAGAGSGAGAGSGAGAGSGAGAGGSVSYGAGRGYGQGAGSAASSVSSASSRSYDYSRRNVRKNCGIPRRQLVVKFRALPCVNCLELEHHHHHH,405,0.6891303940318382,0.3675,0.133618010201112,0.4186,0.7136,⚠ DROP,,0.5323,pep_648372|Flex_GGGGSx2,8,23
con_0059,top,pep_648372,NGNPNGEGLPHWPLFDQEEQY,0.6306,0.515,0.28122007591383796,Flex_GGGGSx2,GGGGSGGGGS,C,MGLPTALVNFVDVNEARPVIDNGQLVSRALIDKVFELIDGADIPLYAQMMIQSVNDQANSGDAASQASAVVLAINAIAELANGIPGDACESAALVNAYAYAVSTGNSAGLRSALVKYVQRINANIDAIVRLVNSPLEFSTSAAVGAGAGSGAASGAGAGSGAGAGSGAGAGSGAGAGSGAGAGSGAGAGSGAGAGSGAGAGSGAGAGSGAGAGSGAGAGYGAGVGAGYGAGYGAGAGYGFGPYVANGGYSRREGYEYAWSSKSDFETGSGAASGAGAGAGSGAGAGSGAGAGSGAGAGSGAGAGGSVSYGAGRGYGQGAGSAASSVSSASSRSYDYSRRNVRKNCGIPRRQLVVKFRALPCVNCLEGGGGSGGGGSNGNPNGEGLPHWPLFDQEEQYGGGGSGGGGSLEHHHHHH,415,0.6909249156316696,0.3217,0.141754240197051,0.4198,0.6247,⚠ DROP,,0.5245,pep_648372|Flex_GGGGSx2,8,24
con_0159,top,pep_033299,AHEAEMWEVHFHPSNPEHLF,0.6099,0.5105,0.12215051840990782,Flex_GGGGSx1,GGGGS,Both,AHEAEMWEVHFHPSNPEHLFGGGGSMGLPTALVNFVDVNEARPVIDNGQLVSRALIDKVFELIDGADIPLYAQMMIQSVNDQANSGDAASQASAVVLAINAIAELANGIPGDACESAALVNAYAYAVSTGNSAGLRSALVKYVQRINANIDAIVRLVNSPLEFSTSAAVGAGAGSGAASGAGAGSGAGAGSGAGAGSGAGAGSGAGAGSGAGAGSGAGAGSGAGAGSGAGAGSGAGAGSGAGAGYGAGVGAGYGAGYGAGAGYGFGPYVANGGYSRREGYEYAWSSKSDFETGSGAASGAGAGAGSGAGAGSGAGAGSGAGAGSGAGAGGSVSYGAGRGYGQGAGSAASSVSSASSRSYDYSRRNVRKNCGIPRRQLVVKFRALPCVNCLEGGGGSAHEAEMWEVHFHPSNPEHLFGGGGSLEHHHHHH,429,0.7183631321494216,0.4024,0.13351238630451523,0.4636,0.7882,⚠ DROP,,0.5406,pep_033299|Flex_GGGGSx1,9,25
con_0157,top,pep_033299,AHEAEMWEVHFHPSNPEHLF,0.6099,0.5105,0.12215051840990782,Flex_GGGGSx1,GGGGS,N,AHEAEMWEVHFHPSNPEHLFGGGGSMGLPTALVNFVDVNEARPVIDNGQLVSRALIDKVFELIDGADIPLYAQMMIQSVNDQANSGDAASQASAVVLAINAIAELANGIPGDACESAALVNAYAYAVSTGNSAGLRSALVKYVQRINANIDAIVRLVNSPLEFSTSAAVGAGAGSGAASGAGAGSGAGAGSGAGAGSGAGAGSGAGAGSGAGAGSGAGAGSGAGAGSGAGAGSGAGAGSGAGAGYGAGVGAGYGAGYGAGAGYGFGPYVANGGYSRREGYEYAWSSKSDFETGSGAASGAGAGAGSGAGAGSGAGAGSGAGAGSGAGAGGSVSYGAGRGYGQGAGSAASSVSSASSRSYDYSRRNVRKNCGIPRRQLVVKFRALPCVNCLELEHHHHHH,399,0.6936840189225904,0.4024,0.131548748355835,0.427,0.7882,⚠ DROP,,0.5324,pep_033299|Flex_GGGGSx1,9,26
con_0158,top,pep_033299,AHEAEMWEVHFHPSNPEHLF,0.6099,0.5105,0.12215051840990782,Flex_GGGGSx1,GGGGS,C,MGLPTALVNFVDVNEARPVIDNGQLVSRALIDKVFELIDGADIPLYAQMMIQSVNDQANSGDAASQASAVVLAINAIAELANGIPGDACESAALVNAYAYAVSTGNSAGLRSALVKYVQRINANIDAIVRLVNSPLEFSTSAAVGAGAGSGAASGAGAGSGAGAGSGAGAGSGAGAGSGAGAGSGAGAGSGAGAGSGAGAGSGAGAGSGAGAGSGAGAGYGAGVGAGYGAGYGAGAGYGFGPYVANGGYSRREGYEYAWSSKSDFETGSGAASGAGAGAGSGAGAGSGAGAGSGAGAGSGAGAGGSVSYGAGRGYGQGAGSAASSVSSASSRSYDYSRRNVRKNCGIPRRQLVVKFRALPCVNCLEGGGGSAHEAEMWEVHFHPSNPEHLFGGGGSLEHHHHHH,404,0.6945428662929554,0.3217,0.13457724731692142,0.424,0.6302,⚠ DROP,,0.5166,pep_033299|Flex_GGGGSx1,9,27
con_0057,top,pep_648372,NGNPNGEGLPHWPLFDQEEQY,0.6306,0.515,0.28122007591383796,Flex_GGGGSx1,GGGGS,Both,NGNPNGEGLPHWPLFDQEEQYGGGGSMGLPTALVNFVDVNEARPVIDNGQLVSRALIDKVFELIDGADIPLYAQMMIQSVNDQANSGDAASQASAVVLAINAIAELANGIPGDACESAALVNAYAYAVSTGNSAGLRSALVKYVQRINANIDAIVRLVNSPLEFSTSAAVGAGAGSGAASGAGAGSGAGAGSGAGAGSGAGAGSGAGAGSGAGAGSGAGAGSGAGAGSGAGAGSGAGAGSGAGAGYGAGVGAGYGAGYGAGAGYGFGPYVANGGYSRREGYEYAWSSKSDFETGSGAASGAGAGAGSGAGAGSGAGAGSGAGAGSGAGAGGSVSYGAGRGYGQGAGSAASSVSSASSRSYDYSRRNVRKNCGIPRRQLVVKFRALPCVNCLEGGGGSNGNPNGEGLPHWPLFDQEEQYGGGGSLEHHHHHH,431,0.7085002906859746,0.3611,0.13931767656500268,0.464,0.7012,⚠ DROP,,0.5387,pep_648372|Flex_GGGGSx1,10,28
con_0055,top,pep_648372,NGNPNGEGLPHWPLFDQEEQY,0.6306,0.515,0.28122007591383796,Flex_GGGGSx1,GGGGS,N,NGNPNGEGLPHWPLFDQEEQYGGGGSMGLPTALVNFVDVNEARPVIDNGQLVSRALIDKVFELIDGADIPLYAQMMIQSVNDQANSGDAASQASAVVLAINAIAELANGIPGDACESAALVNAYAYAVSTGNSAGLRSALVKYVQRINANIDAIVRLVNSPLEFSTSAAVGAGAGSGAASGAGAGSGAGAGSGAGAGSGAGAGSGAGAGSGAGAGSGAGAGSGAGAGSGAGAGSGAGAGSGAGAGYGAGVGAGYGAGYGAGAGYGFGPYVANGGYSRREGYEYAWSSKSDFETGSGAASGAGAGAGSGAGAGSGAGAGSGAGAGSGAGAGGSVSYGAGRGYGQGAGSAASSVSSASSRSYDYSRRNVRKNCGIPRRQLVVKFRALPCVNCLELEHHHHHH,400,0.6881972366721908,0.3611,0.13256068317079917,0.4416,0.7012,⚠ DROP,,0.5318,pep_648372|Flex_GGGGSx1,10,29
con_0056,top,pep_648372,NGNPNGEGLPHWPLFDQEEQY,0.6306,0.515,0.28122007591383796,Flex_GGGGSx1,GGGGS,C,MGLPTALVNFVDVNEARPVIDNGQLVSRALIDKVFELIDGADIPLYAQMMIQSVNDQANSGDAASQASAVVLAINAIAELANGIPGDACESAALVNAYAYAVSTGNSAGLRSALVKYVQRINANIDAIVRLVNSPLEFSTSAAVGAGAGSGAASGAGAGSGAGAGSGAGAGSGAGAGSGAGAGSGAGAGSGAGAGSGAGAGSGAGAGSGAGAGSGAGAGYGAGVGAGYGAGYGAGAGYGFGPYVANGGYSRREGYEYAWSSKSDFETGSGAASGAGAGAGSGAGAGSGAGAGSGAGAGSGAGAGGSVSYGAGRGYGQGAGSAASSVSSASSRSYDYSRRNVRKNCGIPRRQLVVKFRALPCVNCLEGGGGSNGNPNGEGLPHWPLFDQEEQYGGGGSLEHHHHHH,405,0.6891303940318382,0.3217,0.14064775694851522,0.4482,0.6247,⚠ DROP,,0.5253,pep_648372|Flex_GGGGSx1,10,30
con_0108,top,pep_648371,NGNPNGEGLPHWPLFDQEEQ,0.6261,0.5109,0.3042642828822136,Flex_GGGGSx2,GGGGSGGGGS,Both,NGNPNGEGLPHWPLFDQEEQGGGGSGGGGSMGLPTALVNFVDVNEARPVIDNGQLVSRALIDKVFELIDGADIPLYAQMMIQSVNDQANSGDAASQASAVVLAINAIAELANGIPGDACESAALVNAYAYAVSTGNSAGLRSALVKYVQRINANIDAIVRLVNSPLEFSTSAAVGAGAGSGAASGAGAGSGAGAGSGAGAGSGAGAGSGAGAGSGAGAGSGAGAGSGAGAGSGAGAGSGAGAGSGAGAGYGAGVGAGYGAGYGAGAGYGFGPYVANGGYSRREGYEYAWSSKSDFETGSGAASGAGAGAGSGAGAGSGAGAGSGAGAGSGAGAGGSVSYGAGRGYGQGAGSAASSVSSASSRSYDYSRRNVRKNCGIPRRQLVVKFRALPCVNCLEGGGGSGGGGSNGNPNGEGLPHWPLFDQEEQGGGGSGGGGSLEHHHHHH,444,0.7231922483235975,0.3388,0.143173336995732,0.4776,0.6631,⚠ DROP,,0.5372,pep_648371|Flex_GGGGSx2,11,31
con_0106,top,pep_648371,NGNPNGEGLPHWPLFDQEEQ,0.6261,0.5109,0.3042642828822136,Flex_GGGGSx2,GGGGSGGGGS,N,NGNPNGEGLPHWPLFDQEEQGGGGSGGGGSMGLPTALVNFVDVNEARPVIDNGQLVSRALIDKVFELIDGADIPLYAQMMIQSVNDQANSGDAASQASAVVLAINAIAELANGIPGDACESAALVNAYAYAVSTGNSAGLRSALVKYVQRINANIDAIVRLVNSPLEFSTSAAVGAGAGSGAASGAGAGSGAGAGSGAGAGSGAGAGSGAGAGSGAGAGSGAGAGSGAGAGSGAGAGSGAGAGSGAGAGYGAGVGAGYGAGYGAGAGYGFGPYVANGGYSRREGYEYAWSSKSDFETGSGAASGAGAGAGSGAGAGSGAGAGSGAGAGSGAGAGGSVSYGAGRGYGQGAGSAASSVSSASSRSYDYSRRNVRKNCGIPRRQLVVKFRALPCVNCLELEHHHHHH,404,0.6965178620532869,0.3388,0.13490820478020918,0.4426,0.6631,⚠ DROP,,0.528,pep_648371|Flex_GGGGSx2,11,32
con_0107,top,pep_648371,NGNPNGEGLPHWPLFDQEEQ,0.6261,0.5109,0.3042642828822136,Flex_GGGGSx2,GGGGSGGGGS,C,MGLPTALVNFVDVNEARPVIDNGQLVSRALIDKVFELIDGADIPLYAQMMIQSVNDQANSGDAASQASAVVLAINAIAELANGIPGDACESAALVNAYAYAVSTGNSAGLRSALVKYVQRINANIDAIVRLVNSPLEFSTSAAVGAGAGSGAASGAGAGSGAGAGSGAGAGSGAGAGSGAGAGSGAGAGSGAGAGSGAGAGSGAGAGSGAGAGSGAGAGYGAGVGAGYGAGYGAGAGYGFGPYVANGGYSRREGYEYAWSSKSDFETGSGAASGAGAGAGSGAGAGSGAGAGSGAGAGSGAGAGGSVSYGAGRGYGQGAGSAASSVSSASSRSYDYSRRNVRKNCGIPRRQLVVKFRALPCVNCLEGGGGSGGGGSNGNPNGEGLPHWPLFDQEEQGGGGSGGGGSLEHHHHHH,414,0.698115995272709,0.3217,0.14281142892109022,0.4339,0.6297,⚠ DROP,,0.5253,pep_648371|Flex_GGGGSx2,11,33
con_0204,top,pep_355822,GTHWHPEHF,0.6317,0.5327,0.3264052755302853,Flex_GGGGSx2,GGGGSGGGGS,Both,GTHWHPEHFGGGGSGGGGSMGLPTALVNFVDVNEARPVIDNGQLVSRALIDKVFELIDGADIPLYAQMMIQSVNDQANSGDAASQASAVVLAINAIAELANGIPGDACESAALVNAYAYAVSTGNSAGLRSALVKYVQRINANIDAIVRLVNSPLEFSTSAAVGAGAGSGAASGAGAGSGAGAGSGAGAGSGAGAGSGAGAGSGAGAGSGAGAGSGAGAGSGAGAGSGAGAGSGAGAGYGAGVGAGYGAGYGAGAGYGFGPYVANGGYSRREGYEYAWSSKSDFETGSGAASGAGAGAGSGAGAGSGAGAGSGAGAGSGAGAGGSVSYGAGRGYGQGAGSAASSVSSASSRSYDYSRRNVRKNCGIPRRQLVVKFRALPCVNCLEGGGGSGGGGSGTHWHPEHFGGGGSGGGGSLEHHHHHH,422,0.6954931163349753,0.3752,0.13337887481331684,0.4392,0.7043,⚠ DROP,,0.5369,pep_355822|Flex_GGGGSx2,12,34
con_0202,top,pep_355822,GTHWHPEHF,0.6317,0.5327,0.3264052755302853,Flex_GGGGSx2,GGGGSGGGGS,N,GTHWHPEHFGGGGSGGGGSMGLPTALVNFVDVNEARPVIDNGQLVSRALIDKVFELIDGADIPLYAQMMIQSVNDQANSGDAASQASAVVLAINAIAELANGIPGDACESAALVNAYAYAVSTGNSAGLRSALVKYVQRINANIDAIVRLVNSPLEFSTSAAVGAGAGSGAASGAGAGSGAGAGSGAGAGSGAGAGSGAGAGSGAGAGSGAGAGSGAGAGSGAGAGSGAGAGSGAGAGYGAGVGAGYGAGYGAGAGYGFGPYVANGGYSRREGYEYAWSSKSDFETGSGAASGAGAGAGSGAGAGSGAGAGSGAGAGSGAGAGGSVSYGAGRGYGQGAGSAASSVSSASSRSYDYSRRNVRKNCGIPRRQLVVKFRALPCVNCLELEHHHHHH,393,0.6802610690635131,0.3752,0.13036531561288897,0.4125,0.7043,⚠ DROP,,0.5314,pep_355822|Flex_GGGGSx2,12,35
con_0203,top,pep_355822,GTHWHPEHF,0.6317,0.5327,0.3264052755302853,Flex_GGGGSx2,GGGGSGGGGS,C,MGLPTALVNFVDVNEARPVIDNGQLVSRALIDKVFELIDGADIPLYAQMMIQSVNDQANSGDAASQASAVVLAINAIAELANGIPGDACESAALVNAYAYAVSTGNSAGLRSALVKYVQRINANIDAIVRLVNSPLEFSTSAAVGAGAGSGAASGAGAGSGAGAGSGAGAGSGAGAGSGAGAGSGAGAGSGAGAGSGAGAGSGAGAGSGAGAGSGAGAGYGAGVGAGYGAGYGAGAGYGFGPYVANGGYSRREGYEYAWSSKSDFETGSGAASGAGAGAGSGAGAGSGAGAGSGAGAGSGAGAGGSVSYGAGRGYGQGAGSAASSVSSASSRSYDYSRRNVRKNCGIPRRQLVVKFRALPCVNCLEGGGGSGGGGSGTHWHPEHFGGGGSGGGGSLEHHHHHH,403,0.6823583501921262,0.3217,0.13667620823674698,0.3978,0.6039,⚠ DROP,,0.5212,pep_355822|Flex_GGGGSx2,12,36
con_0093,top,pep_679714,PAFELHYPHMVER,0.6664,0.5312,0.2803936765744136,Flex_GGGGSx1,GGGGS,Both,PAFELHYPHMVERGGGGSMGLPTALVNFVDVNEARPVIDNGQLVSRALIDKVFELIDGADIPLYAQMMIQSVNDQANSGDAASQASAVVLAINAIAELANGIPGDACESAALVNAYAYAVSTGNSAGLRSALVKYVQRINANIDAIVRLVNSPLEFSTSAAVGAGAGSGAASGAGAGSGAGAGSGAGAGSGAGAGSGAGAGSGAGAGSGAGAGSGAGAGSGAGAGSGAGAGSGAGAGYGAGVGAGYGAGYGAGAGYGFGPYVANGGYSRREGYEYAWSSKSDFETGSGAASGAGAGAGSGAGAGSGAGAGSGAGAGSGAGAGGSVSYGAGRGYGQGAGSAASSVSSASSRSYDYSRRNVRKNCGIPRRQLVVKFRALPCVNCLEGGGGSPAFELHYPHMVERGGGGSLEHHHHHH,415,0.6736090027553862,0.3335,0.13282925027680684,0.4239,0.6278,⚠ DROP,,0.5361,pep_679714|Flex_GGGGSx1,13,37
con_0091,top,pep_679714,PAFELHYPHMVER,0.6664,0.5312,0.2803936765744136,Flex_GGGGSx1,GGGGS,N,PAFELHYPHMVERGGGGSMGLPTALVNFVDVNEARPVIDNGQLVSRALIDKVFELIDGADIPLYAQMMIQSVNDQANSGDAASQASAVVLAINAIAELANGIPGDACESAALVNAYAYAVSTGNSAGLRSALVKYVQRINANIDAIVRLVNSPLEFSTSAAVGAGAGSGAASGAGAGSGAGAGSGAGAGSGAGAGSGAGAGSGAGAGSGAGAGSGAGAGSGAGAGSGAGAGSGAGAGYGAGVGAGYGAGYGAGAGYGFGPYVANGGYSRREGYEYAWSSKSDFETGSGAASGAGAGAGSGAGAGSGAGAGSGAGAGSGAGAGGSVSYGAGRGYGQGAGSAASSVSSASSRSYDYSRRNVRKNCGIPRRQLVVKFRALPCVNCLELEHHHHHH,392,0.6688880316725418,0.3335,0.128368522595063,0.4377,0.6278,⚠ DROP,,0.5352,pep_679714|Flex_GGGGSx1,13,38
con_0092,top,pep_679714,PAFELHYPHMVER,0.6664,0.5312,0.2803936765744136,Flex_GGGGSx1,GGGGS,C,MGLPTALVNFVDVNEARPVIDNGQLVSRALIDKVFELIDGADIPLYAQMMIQSVNDQANSGDAASQASAVVLAINAIAELANGIPGDACESAALVNAYAYAVSTGNSAGLRSALVKYVQRINANIDAIVRLVNSPLEFSTSAAVGAGAGSGAASGAGAGSGAGAGSGAGAGSGAGAGSGAGAGSGAGAGSGAGAGSGAGAGSGAGAGSGAGAGSGAGAGYGAGVGAGYGAGYGAGAGYGFGPYVANGGYSRREGYEYAWSSKSDFETGSGAASGAGAGAGSGAGAGSGAGAGSGAGAGSGAGAGGSVSYGAGRGYGQGAGSAASSVSSASSRSYDYSRRNVRKNCGIPRRQLVVKFRALPCVNCLEGGGGSPAFELHYPHMVERGGGGSLEHHHHHH,397,0.6701172165251814,0.3217,0.13598987388539524,0.4307,0.6056,⚠ DROP,,0.5336,pep_679714|Flex_GGGGSx1,13,39
con_0096,top,pep_679714,PAFELHYPHMVER,0.6664,0.5312,0.2803936765744136,Flex_GGGGSx2,GGGGSGGGGS,Both,PAFELHYPHMVERGGGGSGGGGSMGLPTALVNFVDVNEARPVIDNGQLVSRALIDKVFELIDGADIPLYAQMMIQSVNDQANSGDAASQASAVVLAINAIAELANGIPGDACESAALVNAYAYAVSTGNSAGLRSALVKYVQRINANIDAIVRLVNSPLEFSTSAAVGAGAGSGAASGAGAGSGAGAGSGAGAGSGAGAGSGAGAGSGAGAGSGAGAGSGAGAGSGAGAGSGAGAGSGAGAGYGAGVGAGYGAGYGAGAGYGFGPYVANGGYSRREGYEYAWSSKSDFETGSGAASGAGAGAGSGAGAGSGAGAGSGAGAGSGAGAGGSVSYGAGRGYGQGAGSAASSVSSASSRSYDYSRRNVRKNCGIPRRQLVVKFRALPCVNCLEGGGGSGGGGSPAFELHYPHMVERGGGGSGGGGSLEHHHHHH,430,0.6768195858304845,0.3146,0.135625125254656,0.427,0.5922,⚠ DROP,,0.5336,pep_679714|Flex_GGGGSx2,14,40
con_0095,top,pep_679714,PAFELHYPHMVER,0.6664,0.5312,0.2803936765744136,Flex_GGGGSx2,GGGGSGGGGS,C,MGLPTALVNFVDVNEARPVIDNGQLVSRALIDKVFELIDGADIPLYAQMMIQSVNDQANSGDAASQASAVVLAINAIAELANGIPGDACESAALVNAYAYAVSTGNSAGLRSALVKYVQRINANIDAIVRLVNSPLEFSTSAAVGAGAGSGAASGAGAGSGAGAGSGAGAGSGAGAGSGAGAGSGAGAGSGAGAGSGAGAGSGAGAGSGAGAGSGAGAGYGAGVGAGYGAGYGAGAGYGFGPYVANGGYSRREGYEYAWSSKSDFETGSGAASGAGAGAGSGAGAGSGAGAGSGAGAGSGAGAGGSVSYGAGRGYGQGAGSAASSVSSASSRSYDYSRRNVRKNCGIPRRQLVVKFRALPCVNCLEGGGGSGGGGSPAFELHYPHMVERGGGGSGGGGSLEHHHHHH,407,0.6724784305142725,0.3217,0.13847102052749521,0.3856,0.6056,⚠ DROP,,0.5321,pep_679714|Flex_GGGGSx2,14,41
con_0094,top,pep_679714,PAFELHYPHMVER,0.6664,0.5312,0.2803936765744136,Flex_GGGGSx2,GGGGSGGGGS,N,PAFELHYPHMVERGGGGSGGGGSMGLPTALVNFVDVNEARPVIDNGQLVSRALIDKVFELIDGADIPLYAQMMIQSVNDQANSGDAASQASAVVLAINAIAELANGIPGDACESAALVNAYAYAVSTGNSAGLRSALVKYVQRINANIDAIVRLVNSPLEFSTSAAVGAGAGSGAASGAGAGSGAGAGSGAGAGSGAGAGSGAGAGSGAGAGSGAGAGSGAGAGSGAGAGSGAGAGSGAGAGYGAGVGAGYGAGYGAGAGYGFGPYVANGGYSRREGYEYAWSSKSDFETGSGAASGAGAGAGSGAGAGSGAGAGSGAGAGSGAGAGGSVSYGAGRGYGQGAGSAASSVSSASSRSYDYSRRNVRKNCGIPRRQLVVKFRALPCVNCLELEHHHHHH,397,0.670117216525183,0.3146,0.13056956317078708,0.3876,0.5922,⚠ DROP,,0.5294,pep_679714|Flex_GGGGSx2,14,42
con_0105,top,pep_648371,NGNPNGEGLPHWPLFDQEEQ,0.6261,0.5109,0.3042642828822136,Flex_GGGGSx1,GGGGS,Both,NGNPNGEGLPHWPLFDQEEQGGGGSMGLPTALVNFVDVNEARPVIDNGQLVSRALIDKVFELIDGADIPLYAQMMIQSVNDQANSGDAASQASAVVLAINAIAELANGIPGDACESAALVNAYAYAVSTGNSAGLRSALVKYVQRINANIDAIVRLVNSPLEFSTSAAVGAGAGSGAASGAGAGSGAGAGSGAGAGSGAGAGSGAGAGSGAGAGSGAGAGSGAGAGSGAGAGSGAGAGSGAGAGYGAGVGAGYGAGYGAGAGYGFGPYVANGGYSRREGYEYAWSSKSDFETGSGAASGAGAGAGSGAGAGSGAGAGSGAGAGSGAGAGGSVSYGAGRGYGQGAGSAASSVSSASSRSYDYSRRNVRKNCGIPRRQLVVKFRALPCVNCLEGGGGSNGNPNGEGLPHWPLFDQEEQGGGGSLEHHHHHH,429,0.7219032775368355,0.3202,0.14168394729495049,0.4776,0.6267,⚠ DROP,,0.533,pep_648371|Flex_GGGGSx1,15,43
con_0104,top,pep_648371,NGNPNGEGLPHWPLFDQEEQ,0.6261,0.5109,0.3042642828822136,Flex_GGGGSx1,GGGGS,C,MGLPTALVNFVDVNEARPVIDNGQLVSRALIDKVFELIDGADIPLYAQMMIQSVNDQANSGDAASQASAVVLAINAIAELANGIPGDACESAALVNAYAYAVSTGNSAGLRSALVKYVQRINANIDAIVRLVNSPLEFSTSAAVGAGAGSGAASGAGAGSGAGAGSGAGAGSGAGAGSGAGAGSGAGAGSGAGAGSGAGAGSGAGAGSGAGAGSGAGAGYGAGVGAGYGAGYGAGAGYGFGPYVANGGYSRREGYEYAWSSKSDFETGSGAASGAGAGAGSGAGAGSGAGAGSGAGAGSGAGAGGSVSYGAGRGYGQGAGSAASSVSSASSRSYDYSRRNVRKNCGIPRRQLVVKFRALPCVNCLEGGGGSNGNPNGEGLPHWPLFDQEEQGGGGSLEHHHHHH,404,0.6965178620532869,0.3217,0.14216676616561738,0.452,0.6297,⚠ DROP,,0.5257,pep_648371|Flex_GGGGSx1,15,44
con_0103,top,pep_648371,NGNPNGEGLPHWPLFDQEEQ,0.6261,0.5109,0.3042642828822136,Flex_GGGGSx1,GGGGS,N,NGNPNGEGLPHWPLFDQEEQGGGGSMGLPTALVNFVDVNEARPVIDNGQLVSRALIDKVFELIDGADIPLYAQMMIQSVNDQANSGDAASQASAVVLAINAIAELANGIPGDACESAALVNAYAYAVSTGNSAGLRSALVKYVQRINANIDAIVRLVNSPLEFSTSAAVGAGAGSGAASGAGAGSGAGAGSGAGAGSGAGAGSGAGAGSGAGAGSGAGAGSGAGAGSGAGAGSGAGAGSGAGAGYGAGVGAGYGAGYGAGAGYGFGPYVANGGYSRREGYEYAWSSKSDFETGSGAASGAGAGAGSGAGAGSGAGAGSGAGAGSGAGAGGSVSYGAGRGYGQGAGSAASSVSSASSRSYDYSRRNVRKNCGIPRRQLVVKFRALPCVNCLELEHHHHHH,399,0.695686877270596,0.3202,0.13411858512093325,0.4514,0.6267,⚠ DROP,,0.5244,pep_648371|Flex_GGGGSx1,15,45
con_0240,top,pep_432652,IMAIEMVEGEPPYLNENPLR,0.6311,0.4939,0.247458228841424,Flex_GGGGSx2,GGGGSGGGGS,Both,IMAIEMVEGEPPYLNENPLRGGGGSGGGGSMGLPTALVNFVDVNEARPVIDNGQLVSRALIDKVFELIDGADIPLYAQMMIQSVNDQANSGDAASQASAVVLAINAIAELANGIPGDACESAALVNAYAYAVSTGNSAGLRSALVKYVQRINANIDAIVRLVNSPLEFSTSAAVGAGAGSGAASGAGAGSGAGAGSGAGAGSGAGAGSGAGAGSGAGAGSGAGAGSGAGAGSGAGAGSGAGAGSGAGAGYGAGVGAGYGAGYGAGAGYGFGPYVANGGYSRREGYEYAWSSKSDFETGSGAASGAGAGAGSGAGAGSGAGAGSGAGAGSGAGAGGSVSYGAGRGYGQGAGSAASSVSSASSRSYDYSRRNVRKNCGIPRRQLVVKFRALPCVNCLEGGGGSGGGGSIMAIEMVEGEPPYLNENPLRGGGGSGGGGSLEHHHHHH,444,0.6847791963194734,0.3565,0.1348826346247717,0.4924,0.7218,⚠ DROP,,0.533,pep_432652|Flex_GGGGSx2,16,46
con_0238,top,pep_432652,IMAIEMVEGEPPYLNENPLR,0.6311,0.4939,0.247458228841424,Flex_GGGGSx2,GGGGSGGGGS,N,IMAIEMVEGEPPYLNENPLRGGGGSGGGGSMGLPTALVNFVDVNEARPVIDNGQLVSRALIDKVFELIDGADIPLYAQMMIQSVNDQANSGDAASQASAVVLAINAIAELANGIPGDACESAALVNAYAYAVSTGNSAGLRSALVKYVQRINANIDAIVRLVNSPLEFSTSAAVGAGAGSGAASGAGAGSGAGAGSGAGAGSGAGAGSGAGAGSGAGAGSGAGAGSGAGAGSGAGAGSGAGAGSGAGAGYGAGVGAGYGAGYGAGAGYGFGPYVANGGYSRREGYEYAWSSKSDFETGSGAASGAGAGAGSGAGAGSGAGAGSGAGAGSGAGAGGSVSYGAGRGYGQGAGSAASSVSSASSRSYDYSRRNVRKNCGIPRRQLVVKFRALPCVNCLELEHHHHHH,404,0.674667273329974,0.3565,0.13100891672351425,0.4287,0.7218,⚠ DROP,,0.5269,pep_432652|Flex_GGGGSx2,16,47
con_0239,top,pep_432652,IMAIEMVEGEPPYLNENPLR,0.6311,0.4939,0.247458228841424,Flex_GGGGSx2,GGGGSGGGGS,C,MGLPTALVNFVDVNEARPVIDNGQLVSRALIDKVFELIDGADIPLYAQMMIQSVNDQANSGDAASQASAVVLAINAIAELANGIPGDACESAALVNAYAYAVSTGNSAGLRSALVKYVQRINANIDAIVRLVNSPLEFSTSAAVGAGAGSGAASGAGAGSGAGAGSGAGAGSGAGAGSGAGAGSGAGAGSGAGAGSGAGAGSGAGAGSGAGAGSGAGAGYGAGVGAGYGAGYGAGAGYGFGPYVANGGYSRREGYEYAWSSKSDFETGSGAASGAGAGAGSGAGAGSGAGAGSGAGAGSGAGAGGSVSYGAGRGYGQGAGSAASSVSSASSRSYDYSRRNVRKNCGIPRRQLVVKFRALPCVNCLEGGGGSGGGGSIMAIEMVEGEPPYLNENPLRGGGGSGGGGSLEHHHHHH,414,0.6768629340239124,0.3217,0.13477203747806485,0.4404,0.6513,⚠ DROP,,0.5215,pep_432652|Flex_GGGGSx2,16,48
con_0063,top,pep_164493,DRTWHPEHFF,0.6294,0.4978,0.31119330585002897,Flex_GGGGSx1,GGGGS,Both,DRTWHPEHFFGGGGSMGLPTALVNFVDVNEARPVIDNGQLVSRALIDKVFELIDGADIPLYAQMMIQSVNDQANSGDAASQASAVVLAINAIAELANGIPGDACESAALVNAYAYAVSTGNSAGLRSALVKYVQRINANIDAIVRLVNSPLEFSTSAAVGAGAGSGAASGAGAGSGAGAGSGAGAGSGAGAGSGAGAGSGAGAGSGAGAGSGAGAGSGAGAGSGAGAGSGAGAGYGAGVGAGYGAGYGAGAGYGFGPYVANGGYSRREGYEYAWSSKSDFETGSGAASGAGAGAGSGAGAGSGAGAGSGAGAGSGAGAGGSVSYGAGRGYGQGAGSAASSVSSASSRSYDYSRRNVRKNCGIPRRQLVVKFRALPCVNCLEGGGGSDRTWHPEHFFGGGGSLEHHHHHH,409,0.674589385381276,0.3708,0.13125756461956609,0.4438,0.7449,⚠ DROP,,0.5299,pep_164493|Flex_GGGGSx1,17,49
con_0061,top,pep_164493,DRTWHPEHFF,0.6294,0.4978,0.31119330585002897,Flex_GGGGSx1,GGGGS,N,DRTWHPEHFFGGGGSMGLPTALVNFVDVNEARPVIDNGQLVSRALIDKVFELIDGADIPLYAQMMIQSVNDQANSGDAASQASAVVLAINAIAELANGIPGDACESAALVNAYAYAVSTGNSAGLRSALVKYVQRINANIDAIVRLVNSPLEFSTSAAVGAGAGSGAASGAGAGSGAGAGSGAGAGSGAGAGSGAGAGSGAGAGSGAGAGSGAGAGSGAGAGSGAGAGSGAGAGYGAGVGAGYGAGYGAGAGYGFGPYVANGGYSRREGYEYAWSSKSDFETGSGAASGAGAGAGSGAGAGSGAGAGSGAGAGSGAGAGGSVSYGAGRGYGQGAGSAASSVSSASSRSYDYSRRNVRKNCGIPRRQLVVKFRALPCVNCLELEHHHHHH,389,0.6693708995790053,0.3708,0.1283313447729251,0.4269,0.7449,⚠ DROP,,0.5274,pep_164493|Flex_GGGGSx1,17,50
con_0062,top,pep_164493,DRTWHPEHFF,0.6294,0.4978,0.31119330585002897,Flex_GGGGSx1,GGGGS,C,MGLPTALVNFVDVNEARPVIDNGQLVSRALIDKVFELIDGADIPLYAQMMIQSVNDQANSGDAASQASAVVLAINAIAELANGIPGDACESAALVNAYAYAVSTGNSAGLRSALVKYVQRINANIDAIVRLVNSPLEFSTSAAVGAGAGSGAASGAGAGSGAGAGSGAGAGSGAGAGSGAGAGSGAGAGSGAGAGSGAGAGSGAGAGSGAGAGSGAGAGYGAGVGAGYGAGYGAGAGYGFGPYVANGGYSRREGYEYAWSSKSDFETGSGAASGAGAGAGSGAGAGSGAGAGSGAGAGSGAGAGGSVSYGAGRGYGQGAGSAASSVSSASSRSYDYSRRNVRKNCGIPRRQLVVKFRALPCVNCLEGGGGSDRTWHPEHFFGGGGSLEHHHHHH,394,0.6706024041971641,0.3217,0.13578920970543235,0.4008,0.6462,⚠ DROP,,0.5174,pep_164493|Flex_GGGGSx1,17,51
con_0201,top,pep_355822,GTHWHPEHF,0.6317,0.5327,0.3264052755302853,Flex_GGGGSx1,GGGGS,Both,GTHWHPEHFGGGGSMGLPTALVNFVDVNEARPVIDNGQLVSRALIDKVFELIDGADIPLYAQMMIQSVNDQANSGDAASQASAVVLAINAIAELANGIPGDACESAALVNAYAYAVSTGNSAGLRSALVKYVQRINANIDAIVRLVNSPLEFSTSAAVGAGAGSGAASGAGAGSGAGAGSGAGAGSGAGAGSGAGAGSGAGAGSGAGAGSGAGAGSGAGAGSGAGAGSGAGAGYGAGVGAGYGAGYGAGAGYGFGPYVANGGYSRREGYEYAWSSKSDFETGSGAASGAGAGAGSGAGAGSGAGAGSGAGAGSGAGAGGSVSYGAGRGYGQGAGSAASSVSSASSRSYDYSRRNVRKNCGIPRRQLVVKFRALPCVNCLEGGGGSGTHWHPEHFGGGGSLEHHHHHH,407,0.6930029207193804,0.3361,0.1306171695342521,0.458,0.6309,⚠ DROP,,0.5291,pep_355822|Flex_GGGGSx1,18,52
con_0199,top,pep_355822,GTHWHPEHF,0.6317,0.5327,0.3264052755302853,Flex_GGGGSx1,GGGGS,N,GTHWHPEHFGGGGSMGLPTALVNFVDVNEARPVIDNGQLVSRALIDKVFELIDGADIPLYAQMMIQSVNDQANSGDAASQASAVVLAINAIAELANGIPGDACESAALVNAYAYAVSTGNSAGLRSALVKYVQRINANIDAIVRLVNSPLEFSTSAAVGAGAGSGAASGAGAGSGAGAGSGAGAGSGAGAGSGAGAGSGAGAGSGAGAGSGAGAGSGAGAGSGAGAGSGAGAGYGAGVGAGYGAGYGAGAGYGFGPYVANGGYSRREGYEYAWSSKSDFETGSGAASGAGAGAGSGAGAGSGAGAGSGAGAGSGAGAGGSVSYGAGRGYGQGAGSAASSVSSASSRSYDYSRRNVRKNCGIPRRQLVVKFRALPCVNCLELEHHHHHH,388,0.6791689981133878,0.3361,0.1288549676902362,0.4235,0.6309,⚠ DROP,,0.5238,pep_355822|Flex_GGGGSx1,18,53
con_0200,top,pep_355822,GTHWHPEHF,0.6317,0.5327,0.3264052755302853,Flex_GGGGSx1,GGGGS,C,MGLPTALVNFVDVNEARPVIDNGQLVSRALIDKVFELIDGADIPLYAQMMIQSVNDQANSGDAASQASAVVLAINAIAELANGIPGDACESAALVNAYAYAVSTGNSAGLRSALVKYVQRINANIDAIVRLVNSPLEFSTSAAVGAGAGSGAASGAGAGSGAGAGSGAGAGSGAGAGSGAGAGSGAGAGSGAGAGSGAGAGSGAGAGSGAGAGSGAGAGYGAGVGAGYGAGYGAGAGYGFGPYVANGGYSRREGYEYAWSSKSDFETGSGAASGAGAGAGSGAGAGSGAGAGSGAGAGSGAGAGGSVSYGAGRGYGQGAGSAASSVSSASSRSYDYSRRNVRKNCGIPRRQLVVKFRALPCVNCLEGGGGSGTHWHPEHFGGGGSLEHHHHHH,393,0.6802610690635131,0.3217,0.135693356285758,0.4255,0.6039,⚠ DROP,,0.5219,pep_355822|Flex_GGGGSx1,18,54
con_0132,top,pep_020977,AEPPGVEPYPYPIPTV,0.6429,0.5303,0.26839163340628147,Flex_GGGGSx2,GGGGSGGGGS,Both,AEPPGVEPYPYPIPTVGGGGSGGGGSMGLPTALVNFVDVNEARPVIDNGQLVSRALIDKVFELIDGADIPLYAQMMIQSVNDQANSGDAASQASAVVLAINAIAELANGIPGDACESAALVNAYAYAVSTGNSAGLRSALVKYVQRINANIDAIVRLVNSPLEFSTSAAVGAGAGSGAASGAGAGSGAGAGSGAGAGSGAGAGSGAGAGSGAGAGSGAGAGSGAGAGSGAGAGSGAGAGSGAGAGYGAGVGAGYGAGYGAGAGYGFGPYVANGGYSRREGYEYAWSSKSDFETGSGAASGAGAGAGSGAGAGSGAGAGSGAGAGSGAGAGGSVSYGAGRGYGQGAGSAASSVSSASSRSYDYSRRNVRKNCGIPRRQLVVKFRALPCVNCLEGGGGSGGGGSAEPPGVEPYPYPIPTVGGGGSGGGGSLEHHHHHH,436,0.6886850356015654,0.3013,0.1336841544623427,0.519,0.5682,⚠ DROP,,0.5289,pep_020977|Flex_GGGGSx2,19,55
con_0131,top,pep_020977,AEPPGVEPYPYPIPTV,0.6429,0.5303,0.26839163340628147,Flex_GGGGSx2,GGGGSGGGGS,C,MGLPTALVNFVDVNEARPVIDNGQLVSRALIDKVFELIDGADIPLYAQMMIQSVNDQANSGDAASQASAVVLAINAIAELANGIPGDACESAALVNAYAYAVSTGNSAGLRSALVKYVQRINANIDAIVRLVNSPLEFSTSAAVGAGAGSGAASGAGAGSGAGAGSGAGAGSGAGAGSGAGAGSGAGAGSGAGAGSGAGAGSGAGAGSGAGAGSGAGAGYGAGVGAGYGAGYGAGAGYGFGPYVANGGYSRREGYEYAWSSKSDFETGSGAASGAGAGAGSGAGAGSGAGAGSGAGAGSGAGAGGSVSYGAGRGYGQGAGSAASSVSSASSRSYDYSRRNVRKNCGIPRRQLVVKFRALPCVNCLEGGGGSGGGGSAEPPGVEPYPYPIPTVGGGGSGGGGSLEHHHHHH,410,0.6788932668156828,0.3217,0.13568886760894844,0.4627,0.6066,⚠ DROP,,0.5279,pep_020977|Flex_GGGGSx2,19,56
con_0130,top,pep_020977,AEPPGVEPYPYPIPTV,0.6429,0.5303,0.26839163340628147,Flex_GGGGSx2,GGGGSGGGGS,N,AEPPGVEPYPYPIPTVGGGGSGGGGSMGLPTALVNFVDVNEARPVIDNGQLVSRALIDKVFELIDGADIPLYAQMMIQSVNDQANSGDAASQASAVVLAINAIAELANGIPGDACESAALVNAYAYAVSTGNSAGLRSALVKYVQRINANIDAIVRLVNSPLEFSTSAAVGAGAGSGAASGAGAGSGAGAGSGAGAGSGAGAGSGAGAGSGAGAGSGAGAGSGAGAGSGAGAGSGAGAGSGAGAGYGAGVGAGYGAGYGAGAGYGFGPYVANGGYSRREGYEYAWSSKSDFETGSGAASGAGAGAGSGAGAGSGAGAGSGAGAGSGAGAGGSVSYGAGRGYGQGAGSAASSVSSASSRSYDYSRRNVRKNCGIPRRQLVVKFRALPCVNCLELEHHHHHH,400,0.6767337435074402,0.3013,0.12498741538403556,0.4688,0.5682,⚠ DROP,,0.5225,pep_020977|Flex_GGGGSx2,19,57
con_0128,top,pep_020977,AEPPGVEPYPYPIPTV,0.6429,0.5303,0.26839163340628147,Flex_GGGGSx1,GGGGS,C,MGLPTALVNFVDVNEARPVIDNGQLVSRALIDKVFELIDGADIPLYAQMMIQSVNDQANSGDAASQASAVVLAINAIAELANGIPGDACESAALVNAYAYAVSTGNSAGLRSALVKYVQRINANIDAIVRLVNSPLEFSTSAAVGAGAGSGAASGAGAGSGAGAGSGAGAGSGAGAGSGAGAGSGAGAGSGAGAGSGAGAGSGAGAGSGAGAGSGAGAGYGAGVGAGYGAGYGAGAGYGFGPYVANGGYSRREGYEYAWSSKSDFETGSGAASGAGAGAGSGAGAGSGAGAGSGAGAGSGAGAGGSVSYGAGRGYGQGAGSAASSVSSASSRSYDYSRRNVRKNCGIPRRQLVVKFRALPCVNCLEGGGGSAEPPGVEPYPYPIPTVGGGGSLEHHHHHH,400,0.6767337435074402,0.3217,0.13496148517075926,0.4941,0.6066,⚠ DROP,,0.5289,pep_020977|Flex_GGGGSx1,20,58
con_0129,top,pep_020977,AEPPGVEPYPYPIPTV,0.6429,0.5303,0.26839163340628147,Flex_GGGGSx1,GGGGS,Both,AEPPGVEPYPYPIPTVGGGGSMGLPTALVNFVDVNEARPVIDNGQLVSRALIDKVFELIDGADIPLYAQMMIQSVNDQANSGDAASQASAVVLAINAIAELANGIPGDACESAALVNAYAYAVSTGNSAGLRSALVKYVQRINANIDAIVRLVNSPLEFSTSAAVGAGAGSGAASGAGAGSGAGAGSGAGAGSGAGAGSGAGAGSGAGAGSGAGAGSGAGAGSGAGAGSGAGAGSGAGAGYGAGVGAGYGAGYGAGAGYGFGPYVANGGYSRREGYEYAWSSKSDFETGSGAASGAGAGAGSGAGAGSGAGAGSGAGAGSGAGAGGSVSYGAGRGYGQGAGSAASSVSSASSRSYDYSRRNVRKNCGIPRRQLVVKFRALPCVNCLEGGGGSAEPPGVEPYPYPIPTVGGGGSLEHHHHHH,421,0.6860031480954877,0.2736,0.13073038488201744,0.5346,0.5159,⚠ DROP,,0.5232,pep_020977|Flex_GGGGSx1,20,59
con_0127,top,pep_020977,AEPPGVEPYPYPIPTV,0.6429,0.5303,0.26839163340628147,Flex_GGGGSx1,GGGGS,N,AEPPGVEPYPYPIPTVGGGGSMGLPTALVNFVDVNEARPVIDNGQLVSRALIDKVFELIDGADIPLYAQMMIQSVNDQANSGDAASQASAVVLAINAIAELANGIPGDACESAALVNAYAYAVSTGNSAGLRSALVKYVQRINANIDAIVRLVNSPLEFSTSAAVGAGAGSGAASGAGAGSGAGAGSGAGAGSGAGAGSGAGAGSGAGAGSGAGAGSGAGAGSGAGAGSGAGAGSGAGAGYGAGVGAGYGAGYGAGAGYGFGPYVANGGYSRREGYEYAWSSKSDFETGSGAASGAGAGAGSGAGAGSGAGAGSGAGAGSGAGAGGSVSYGAGRGYGQGAGSAASSVSSASSRSYDYSRRNVRKNCGIPRRQLVVKFRALPCVNCLELEHHHHHH,395,0.6756099935787019,0.2736,0.12559002758204182,0.4752,0.5159,⚠ DROP,,0.5171,pep_020977|Flex_GGGGSx1,20,60
con_0237,top,pep_432652,IMAIEMVEGEPPYLNENPLR,0.6311,0.4939,0.247458228841424,Flex_GGGGSx1,GGGGS,Both,IMAIEMVEGEPPYLNENPLRGGGGSMGLPTALVNFVDVNEARPVIDNGQLVSRALIDKVFELIDGADIPLYAQMMIQSVNDQANSGDAASQASAVVLAINAIAELANGIPGDACESAALVNAYAYAVSTGNSAGLRSALVKYVQRINANIDAIVRLVNSPLEFSTSAAVGAGAGSGAASGAGAGSGAGAGSGAGAGSGAGAGSGAGAGSGAGAGSGAGAGSGAGAGSGAGAGSGAGAGSGAGAGYGAGVGAGYGAGYGAGAGYGFGPYVANGGYSRREGYEYAWSSKSDFETGSGAASGAGAGAGSGAGAGSGAGAGSGAGAGSGAGAGGSVSYGAGRGYGQGAGSAASSVSSASSRSYDYSRRNVRKNCGIPRRQLVVKFRALPCVNCLEGGGGSIMAIEMVEGEPPYLNENPLRGGGGSLEHHHHHH,429,0.681991993927267,0.3425,0.13294543202375964,0.4793,0.6935,⚠ DROP,,0.5287,pep_432652|Flex_GGGGSx1,21,61
con_0235,top,pep_432652,IMAIEMVEGEPPYLNENPLR,0.6311,0.4939,0.247458228841424,Flex_GGGGSx1,GGGGS,N,IMAIEMVEGEPPYLNENPLRGGGGSMGLPTALVNFVDVNEARPVIDNGQLVSRALIDKVFELIDGADIPLYAQMMIQSVNDQANSGDAASQASAVVLAINAIAELANGIPGDACESAALVNAYAYAVSTGNSAGLRSALVKYVQRINANIDAIVRLVNSPLEFSTSAAVGAGAGSGAASGAGAGSGAGAGSGAGAGSGAGAGSGAGAGSGAGAGSGAGAGSGAGAGSGAGAGSGAGAGSGAGAGYGAGVGAGYGAGYGAGAGYGFGPYVANGGYSRREGYEYAWSSKSDFETGSGAASGAGAGAGSGAGAGSGAGAGSGAGAGSGAGAGGSVSYGAGRGYGQGAGSAASSVSSASSRSYDYSRRNVRKNCGIPRRQLVVKFRALPCVNCLELEHHHHHH,399,0.6735251332444593,0.3425,0.1293902501692636,0.4554,0.6935,⚠ DROP,,0.525,pep_432652|Flex_GGGGSx1,21,62
con_0236,top,pep_432652,IMAIEMVEGEPPYLNENPLR,0.6311,0.4939,0.247458228841424,Flex_GGGGSx1,GGGGS,C,MGLPTALVNFVDVNEARPVIDNGQLVSRALIDKVFELIDGADIPLYAQMMIQSVNDQANSGDAASQASAVVLAINAIAELANGIPGDACESAALVNAYAYAVSTGNSAGLRSALVKYVQRINANIDAIVRLVNSPLEFSTSAAVGAGAGSGAASGAGAGSGAGAGSGAGAGSGAGAGSGAGAGSGAGAGSGAGAGSGAGAGSGAGAGSGAGAGSGAGAGYGAGVGAGYGAGYGAGAGYGFGPYVANGGYSRREGYEYAWSSKSDFETGSGAASGAGAGAGSGAGAGSGAGAGSGAGAGSGAGAGGSVSYGAGRGYGQGAGSAASSVSSASSRSYDYSRRNVRKNCGIPRRQLVVKFRALPCVNCLEGGGGSIMAIEMVEGEPPYLNENPLRGGGGSLEHHHHHH,404,0.674667273329974,0.3217,0.13148343862025158,0.4411,0.6513,⚠ DROP,,0.5207,pep_432652|Flex_GGGGSx1,21,63
con_0068,top,pep_142399,DLDEIVLHYPYIPPGEK,0.6431,0.5117,0.2618774783961913,Flex_GGGGSx1,GGGGS,C,MGLPTALVNFVDVNEARPVIDNGQLVSRALIDKVFELIDGADIPLYAQMMIQSVNDQANSGDAASQASAVVLAINAIAELANGIPGDACESAALVNAYAYAVSTGNSAGLRSALVKYVQRINANIDAIVRLVNSPLEFSTSAAVGAGAGSGAASGAGAGSGAGAGSGAGAGSGAGAGSGAGAGSGAGAGSGAGAGSGAGAGSGAGAGSGAGAGSGAGAGYGAGVGAGYGAGYGAGAGYGFGPYVANGGYSRREGYEYAWSSKSDFETGSGAASGAGAGAGSGAGAGSGAGAGSGAGAGSGAGAGGSVSYGAGRGYGQGAGSAASSVSSASSRSYDYSRRNVRKNCGIPRRQLVVKFRALPCVNCLEGGGGSDLDEIVLHYPYIPPGEKGGGGSLEHHHHHH,401,0.6763469517489554,0.3217,0.1348864571987988,0.4844,0.6287,⚠ DROP,,0.5284,pep_142399|Flex_GGGGSx1,22,64
con_0069,top,pep_142399,DLDEIVLHYPYIPPGEK,0.6431,0.5117,0.2618774783961913,Flex_GGGGSx1,GGGGS,Both,DLDEIVLHYPYIPPGEKGGGGSMGLPTALVNFVDVNEARPVIDNGQLVSRALIDKVFELIDGADIPLYAQMMIQSVNDQANSGDAASQASAVVLAINAIAELANGIPGDACESAALVNAYAYAVSTGNSAGLRSALVKYVQRINANIDAIVRLVNSPLEFSTSAAVGAGAGSGAASGAGAGSGAGAGSGAGAGSGAGAGSGAGAGSGAGAGSGAGAGSGAGAGSGAGAGSGAGAGSGAGAGYGAGVGAGYGAGYGAGAGYGFGPYVANGGYSRREGYEYAWSSKSDFETGSGAASGAGAGAGSGAGAGSGAGAGSGAGAGSGAGAGGSVSYGAGRGYGQGAGSAASSVSSASSRSYDYSRRNVRKNCGIPRRQLVVKFRALPCVNCLEGGGGSDLDEIVLHYPYIPPGEKGGGGSLEHHHHHH,423,0.6852373040917701,0.2776,0.13183035897817594,0.5018,0.5425,⚠ DROP,,0.5223,pep_142399|Flex_GGGGSx1,22,65
con_0067,top,pep_142399,DLDEIVLHYPYIPPGEK,0.6431,0.5117,0.2618774783961913,Flex_GGGGSx1,GGGGS,N,DLDEIVLHYPYIPPGEKGGGGSMGLPTALVNFVDVNEARPVIDNGQLVSRALIDKVFELIDGADIPLYAQMMIQSVNDQANSGDAASQASAVVLAINAIAELANGIPGDACESAALVNAYAYAVSTGNSAGLRSALVKYVQRINANIDAIVRLVNSPLEFSTSAAVGAGAGSGAASGAGAGSGAGAGSGAGAGSGAGAGSGAGAGSGAGAGSGAGAGSGAGAGSGAGAGSGAGAGSGAGAGYGAGVGAGYGAGYGAGAGYGFGPYVANGGYSRREGYEYAWSSKSDFETGSGAASGAGAGAGSGAGAGSGAGAGSGAGAGSGAGAGGSVSYGAGRGYGQGAGSAASSVSSASSRSYDYSRRNVRKNCGIPRRQLVVKFRALPCVNCLELEHHHHHH,396,0.6752204505244368,0.2776,0.12976724464832007,0.4674,0.5425,⚠ DROP,,0.5179,pep_142399|Flex_GGGGSx1,22,66
con_0066,top,pep_164493,DRTWHPEHFF,0.6294,0.4978,0.31119330585002897,Flex_GGGGSx2,GGGGSGGGGS,Both,DRTWHPEHFFGGGGSGGGGSMGLPTALVNFVDVNEARPVIDNGQLVSRALIDKVFELIDGADIPLYAQMMIQSVNDQANSGDAASQASAVVLAINAIAELANGIPGDACESAALVNAYAYAVSTGNSAGLRSALVKYVQRINANIDAIVRLVNSPLEFSTSAAVGAGAGSGAASGAGAGSGAGAGSGAGAGSGAGAGSGAGAGSGAGAGSGAGAGSGAGAGSGAGAGSGAGAGSGAGAGYGAGVGAGYGAGYGAGAGYGFGPYVANGGYSRREGYEYAWSSKSDFETGSGAASGAGAGAGSGAGAGSGAGAGSGAGAGSGAGAGGSVSYGAGRGYGQGAGSAASSVSSASSRSYDYSRRNVRKNCGIPRRQLVVKFRALPCVNCLEGGGGSGGGGSDRTWHPEHFFGGGGSGGGGSLEHHHHHH,424,0.6778057038011602,0.3528,0.1343318409804817,0.4418,0.7087,⚠ DROP,,0.5273,pep_164493|Flex_GGGGSx2,23,67
con_0064,top,pep_164493,DRTWHPEHFF,0.6294,0.4978,0.31119330585002897,Flex_GGGGSx2,GGGGSGGGGS,N,DRTWHPEHFFGGGGSGGGGSMGLPTALVNFVDVNEARPVIDNGQLVSRALIDKVFELIDGADIPLYAQMMIQSVNDQANSGDAASQASAVVLAINAIAELANGIPGDACESAALVNAYAYAVSTGNSAGLRSALVKYVQRINANIDAIVRLVNSPLEFSTSAAVGAGAGSGAASGAGAGSGAGAGSGAGAGSGAGAGSGAGAGSGAGAGSGAGAGSGAGAGSGAGAGSGAGAGSGAGAGYGAGVGAGYGAGYGAGAGYGFGPYVANGGYSRREGYEYAWSSKSDFETGSGAASGAGAGAGSGAGAGSGAGAGSGAGAGSGAGAGGSVSYGAGRGYGQGAGSAASSVSSASSRSYDYSRRNVRKNCGIPRRQLVVKFRALPCVNCLELEHHHHHH,394,0.6706024041971641,0.3528,0.13091711080798568,0.417,0.7087,⚠ DROP,,0.5239,pep_164493|Flex_GGGGSx2,23,68
con_0065,top,pep_164493,DRTWHPEHFF,0.6294,0.4978,0.31119330585002897,Flex_GGGGSx2,GGGGSGGGGS,C,MGLPTALVNFVDVNEARPVIDNGQLVSRALIDKVFELIDGADIPLYAQMMIQSVNDQANSGDAASQASAVVLAINAIAELANGIPGDACESAALVNAYAYAVSTGNSAGLRSALVKYVQRINANIDAIVRLVNSPLEFSTSAAVGAGAGSGAASGAGAGSGAGAGSGAGAGSGAGAGSGAGAGSGAGAGSGAGAGSGAGAGSGAGAGSGAGAGSGAGAGYGAGVGAGYGAGYGAGAGYGFGPYVANGGYSRREGYEYAWSSKSDFETGSGAASGAGAGAGSGAGAGSGAGAGSGAGAGSGAGAGGSVSYGAGRGYGQGAGSAASSVSSASSRSYDYSRRNVRKNCGIPRRQLVVKFRALPCVNCLEGGGGSGGGGSDRTWHPEHFFGGGGSGGGGSLEHHHHHH,404,0.6729673674308008,0.3217,0.13765771924656364,0.3845,0.6462,⚠ DROP,,0.5173,pep_164493|Flex_GGGGSx2,23,69
con_0071,top,pep_142399,DLDEIVLHYPYIPPGEK,0.6431,0.5117,0.2618774783961913,Flex_GGGGSx2,GGGGSGGGGS,C,MGLPTALVNFVDVNEARPVIDNGQLVSRALIDKVFELIDGADIPLYAQMMIQSVNDQANSGDAASQASAVVLAINAIAELANGIPGDACESAALVNAYAYAVSTGNSAGLRSALVKYVQRINANIDAIVRLVNSPLEFSTSAAVGAGAGSGAASGAGAGSGAGAGSGAGAGSGAGAGSGAGAGSGAGAGSGAGAGSGAGAGSGAGAGSGAGAGSGAGAGYGAGVGAGYGAGYGAGAGYGFGPYVANGGYSRREGYEYAWSSKSDFETGSGAASGAGAGAGSGAGAGSGAGAGSGAGAGSGAGAGGSVSYGAGRGYGQGAGSAASSVSSASSRSYDYSRRNVRKNCGIPRRQLVVKFRALPCVNCLEGGGGSGGGGSDLDEIVLHYPYIPPGEKGGGGSGGGGSLEHHHHHH,411,0.6785119639954056,0.3217,0.1373427008498469,0.447,0.6287,⚠ DROP,,0.5273,pep_142399|Flex_GGGGSx2,24,70
con_0072,top,pep_142399,DLDEIVLHYPYIPPGEK,0.6431,0.5117,0.2618774783961913,Flex_GGGGSx2,GGGGSGGGGS,Both,DLDEIVLHYPYIPPGEKGGGGSGGGGSMGLPTALVNFVDVNEARPVIDNGQLVSRALIDKVFELIDGADIPLYAQMMIQSVNDQANSGDAASQASAVVLAINAIAELANGIPGDACESAALVNAYAYAVSTGNSAGLRSALVKYVQRINANIDAIVRLVNSPLEFSTSAAVGAGAGSGAASGAGAGSGAGAGSGAGAGSGAGAGSGAGAGSGAGAGSGAGAGSGAGAGSGAGAGSGAGAGSGAGAGYGAGVGAGYGAGYGAGAGYGFGPYVANGGYSRREGYEYAWSSKSDFETGSGAASGAGAGAGSGAGAGSGAGAGSGAGAGSGAGAGGSVSYGAGRGYGQGAGSAASSVSSASSRSYDYSRRNVRKNCGIPRRQLVVKFRALPCVNCLEGGGGSGGGGSDLDEIVLHYPYIPPGEKGGGGSGGGGSLEHHHHHH,438,0.6879366460286069,0.2917,0.1350640545475837,0.4882,0.5701,⚠ DROP,,0.5255,pep_142399|Flex_GGGGSx2,24,71
con_0070,top,pep_142399,DLDEIVLHYPYIPPGEK,0.6431,0.5117,0.2618774783961913,Flex_GGGGSx2,GGGGSGGGGS,N,DLDEIVLHYPYIPPGEKGGGGSGGGGSMGLPTALVNFVDVNEARPVIDNGQLVSRALIDKVFELIDGADIPLYAQMMIQSVNDQANSGDAASQASAVVLAINAIAELANGIPGDACESAALVNAYAYAVSTGNSAGLRSALVKYVQRINANIDAIVRLVNSPLEFSTSAAVGAGAGSGAASGAGAGSGAGAGSGAGAGSGAGAGSGAGAGSGAGAGSGAGAGSGAGAGSGAGAGSGAGAGSGAGAGYGAGVGAGYGAGYGAGAGYGFGPYVANGGYSRREGYEYAWSSKSDFETGSGAASGAGAGAGSGAGAGSGAGAGSGAGAGSGAGAGGSVSYGAGRGYGQGAGSAASSVSSASSRSYDYSRRNVRKNCGIPRRQLVVKFRALPCVNCLELEHHHHHH,401,0.6763469517489554,0.2917,0.12966173501950026,0.4664,0.5701,⚠ DROP,,0.521,pep_142399|Flex_GGGGSx2,24,72
con_0171,top,pep_252920,EVYPPGPYHPFPNY,0.6248,0.5445,0.27052425550563,Flex_GGGGSx1,GGGGS,Both,EVYPPGPYHPFPNYGGGGSMGLPTALVNFVDVNEARPVIDNGQLVSRALIDKVFELIDGADIPLYAQMMIQSVNDQANSGDAASQASAVVLAINAIAELANGIPGDACESAALVNAYAYAVSTGNSAGLRSALVKYVQRINANIDAIVRLVNSPLEFSTSAAVGAGAGSGAASGAGAGSGAGAGSGAGAGSGAGAGSGAGAGSGAGAGSGAGAGSGAGAGSGAGAGSGAGAGSGAGAGYGAGVGAGYGAGYGAGAGYGFGPYVANGGYSRREGYEYAWSSKSDFETGSGAASGAGAGAGSGAGAGSGAGAGSGAGAGSGAGAGGSVSYGAGRGYGQGAGSAASSVSSASSRSYDYSRRNVRKNCGIPRRQLVVKFRALPCVNCLEGGGGSEVYPPGPYHPFPNYGGGGSLEHHHHHH,417,0.6558273156145429,0.3694,0.1318707235112822,0.5112,0.6784,⚠ DROP,,0.5265,pep_252920|Flex_GGGGSx1,25,73
con_0169,top,pep_252920,EVYPPGPYHPFPNY,0.6248,0.5445,0.27052425550563,Flex_GGGGSx1,GGGGS,N,EVYPPGPYHPFPNYGGGGSMGLPTALVNFVDVNEARPVIDNGQLVSRALIDKVFELIDGADIPLYAQMMIQSVNDQANSGDAASQASAVVLAINAIAELANGIPGDACESAALVNAYAYAVSTGNSAGLRSALVKYVQRINANIDAIVRLVNSPLEFSTSAAVGAGAGSGAASGAGAGSGAGAGSGAGAGSGAGAGSGAGAGSGAGAGSGAGAGSGAGAGSGAGAGSGAGAGSGAGAGYGAGVGAGYGAGYGAGAGYGFGPYVANGGYSRREGYEYAWSSKSDFETGSGAASGAGAGAGSGAGAGSGAGAGSGAGAGSGAGAGGSVSYGAGRGYGQGAGSAASSVSSASSRSYDYSRRNVRKNCGIPRRQLVVKFRALPCVNCLELEHHHHHH,393,0.6594575900900753,0.3694,0.12828837326294137,0.4425,0.6784,⚠ DROP,,0.5236,pep_252920|Flex_GGGGSx1,25,74
con_0170,top,pep_252920,EVYPPGPYHPFPNY,0.6248,0.5445,0.27052425550563,Flex_GGGGSx1,GGGGS,C,MGLPTALVNFVDVNEARPVIDNGQLVSRALIDKVFELIDGADIPLYAQMMIQSVNDQANSGDAASQASAVVLAINAIAELANGIPGDACESAALVNAYAYAVSTGNSAGLRSALVKYVQRINANIDAIVRLVNSPLEFSTSAAVGAGAGSGAASGAGAGSGAGAGSGAGAGSGAGAGSGAGAGSGAGAGSGAGAGSGAGAGSGAGAGSGAGAGSGAGAGYGAGVGAGYGAGYGAGAGYGFGPYVANGGYSRREGYEYAWSSKSDFETGSGAASGAGAGAGSGAGAGSGAGAGSGAGAGSGAGAGGSVSYGAGRGYGQGAGSAASSVSSASSRSYDYSRRNVRKNCGIPRRQLVVKFRALPCVNCLEGGGGSEVYPPGPYHPFPNYGGGGSLEHHHHHH,398,0.6608199640124458,0.3217,0.135298353064824,0.4952,0.5908,⚠ DROP,,0.5178,pep_252920|Flex_GGGGSx1,25,75
con_0174,top,pep_252920,EVYPPGPYHPFPNY,0.6248,0.5445,0.27052425550563,Flex_GGGGSx2,GGGGSGGGGS,Both,EVYPPGPYHPFPNYGGGGSGGGGSMGLPTALVNFVDVNEARPVIDNGQLVSRALIDKVFELIDGADIPLYAQMMIQSVNDQANSGDAASQASAVVLAINAIAELANGIPGDACESAALVNAYAYAVSTGNSAGLRSALVKYVQRINANIDAIVRLVNSPLEFSTSAAVGAGAGSGAASGAGAGSGAGAGSGAGAGSGAGAGSGAGAGSGAGAGSGAGAGSGAGAGSGAGAGSGAGAGSGAGAGYGAGVGAGYGAGYGAGAGYGFGPYVANGGYSRREGYEYAWSSKSDFETGSGAASGAGAGAGSGAGAGSGAGAGSGAGAGSGAGAGGSVSYGAGRGYGQGAGSAASSVSSASSRSYDYSRRNVRKNCGIPRRQLVVKFRALPCVNCLEGGGGSGGGGSEVYPPGPYHPFPNYGGGGSGGGGSLEHHHHHH,432,0.6597313550811733,0.3631,0.13332496573113733,0.5064,0.6669,⚠ DROP,,0.5261,pep_252920|Flex_GGGGSx2,26,76
con_0172,top,pep_252920,EVYPPGPYHPFPNY,0.6248,0.5445,0.27052425550563,Flex_GGGGSx2,GGGGSGGGGS,N,EVYPPGPYHPFPNYGGGGSGGGGSMGLPTALVNFVDVNEARPVIDNGQLVSRALIDKVFELIDGADIPLYAQMMIQSVNDQANSGDAASQASAVVLAINAIAELANGIPGDACESAALVNAYAYAVSTGNSAGLRSALVKYVQRINANIDAIVRLVNSPLEFSTSAAVGAGAGSGAASGAGAGSGAGAGSGAGAGSGAGAGSGAGAGSGAGAGSGAGAGSGAGAGSGAGAGSGAGAGSGAGAGYGAGVGAGYGAGYGAGAGYGFGPYVANGGYSRREGYEYAWSSKSDFETGSGAASGAGAGAGSGAGAGSGAGAGSGAGAGSGAGAGGSVSYGAGRGYGQGAGSAASSVSSASSRSYDYSRRNVRKNCGIPRRQLVVKFRALPCVNCLELEHHHHHH,398,0.660819964012441,0.3631,0.12794793045859615,0.4301,0.6669,⚠ DROP,,0.522,pep_252920|Flex_GGGGSx2,26,77
con_0173,top,pep_252920,EVYPPGPYHPFPNY,0.6248,0.5445,0.27052425550563,Flex_GGGGSx2,GGGGSGGGGS,C,MGLPTALVNFVDVNEARPVIDNGQLVSRALIDKVFELIDGADIPLYAQMMIQSVNDQANSGDAASQASAVVLAINAIAELANGIPGDACESAALVNAYAYAVSTGNSAGLRSALVKYVQRINANIDAIVRLVNSPLEFSTSAAVGAGAGSGAASGAGAGSGAGAGSGAGAGSGAGAGSGAGAGSGAGAGSGAGAGSGAGAGSGAGAGSGAGAGSGAGAGYGAGVGAGYGAGYGAGAGYGFGPYVANGGYSRREGYEYAWSSKSDFETGSGAASGAGAGAGSGAGAGSGAGAGSGAGAGSGAGAGGSVSYGAGRGYGQGAGSAASSVSSASSRSYDYSRRNVRKNCGIPRRQLVVKFRALPCVNCLEGGGGSGGGGSEVYPPGPYHPFPNYGGGGSGGGGSLEHHHHHH,408,0.6634370289331185,0.3217,0.13531782251015745,0.4622,0.5908,⚠ DROP,,0.5168,pep_252920|Flex_GGGGSx2,26,78
con_0163,top,pep_299544,FVTFPYPYMNGR,0.642,0.489,0.2665381461381912,Flex_GGGGSx1,GGGGS,N,FVTFPYPYMNGRGGGGSMGLPTALVNFVDVNEARPVIDNGQLVSRALIDKVFELIDGADIPLYAQMMIQSVNDQANSGDAASQASAVVLAINAIAELANGIPGDACESAALVNAYAYAVSTGNSAGLRSALVKYVQRINANIDAIVRLVNSPLEFSTSAAVGAGAGSGAASGAGAGSGAGAGSGAGAGSGAGAGSGAGAGSGAGAGSGAGAGSGAGAGSGAGAGSGAGAGSGAGAGYGAGVGAGYGAGYGAGAGYGFGPYVANGGYSRREGYEYAWSSKSDFETGSGAASGAGAGAGSGAGAGSGAGAGSGAGAGSGAGAGGSVSYGAGRGYGQGAGSAASSVSSASSRSYDYSRRNVRKNCGIPRRQLVVKFRALPCVNCLELEHHHHHH,391,0.6308255382101364,0.3859,0.12679042285665526,0.428,0.7892,⚠ DROP,,0.5258,pep_299544|Flex_GGGGSx1,27,79
con_0165,top,pep_299544,FVTFPYPYMNGR,0.642,0.489,0.2665381461381912,Flex_GGGGSx1,GGGGS,Both,FVTFPYPYMNGRGGGGSMGLPTALVNFVDVNEARPVIDNGQLVSRALIDKVFELIDGADIPLYAQMMIQSVNDQANSGDAASQASAVVLAINAIAELANGIPGDACESAALVNAYAYAVSTGNSAGLRSALVKYVQRINANIDAIVRLVNSPLEFSTSAAVGAGAGSGAASGAGAGSGAGAGSGAGAGSGAGAGSGAGAGSGAGAGSGAGAGSGAGAGSGAGAGSGAGAGSGAGAGYGAGVGAGYGAGYGAGAGYGFGPYVANGGYSRREGYEYAWSSKSDFETGSGAASGAGAGAGSGAGAGSGAGAGSGAGAGSGAGAGGSVSYGAGRGYGQGAGSAASSVSSASSRSYDYSRRNVRKNCGIPRRQLVVKFRALPCVNCLEGGGGSFVTFPYPYMNGRGGGGSLEHHHHHH,413,0.6005342449324669,0.3859,0.12942718807878492,0.4343,0.7892,⚠ DROP,,0.5188,pep_299544|Flex_GGGGSx1,27,80
con_0164,top,pep_299544,FVTFPYPYMNGR,0.642,0.489,0.2665381461381912,Flex_GGGGSx1,GGGGS,C,MGLPTALVNFVDVNEARPVIDNGQLVSRALIDKVFELIDGADIPLYAQMMIQSVNDQANSGDAASQASAVVLAINAIAELANGIPGDACESAALVNAYAYAVSTGNSAGLRSALVKYVQRINANIDAIVRLVNSPLEFSTSAAVGAGAGSGAASGAGAGSGAGAGSGAGAGSGAGAGSGAGAGSGAGAGSGAGAGSGAGAGSGAGAGSGAGAGSGAGAGYGAGVGAGYGAGYGAGAGYGFGPYVANGGYSRREGYEYAWSSKSDFETGSGAASGAGAGAGSGAGAGSGAGAGSGAGAGSGAGAGGSVSYGAGRGYGQGAGSAASSVSSASSRSYDYSRRNVRKNCGIPRRQLVVKFRALPCVNCLEGGGGSFVTFPYPYMNGRGGGGSLEHHHHHH,396,0.6326129473277242,0.3217,0.131542584683859,0.4856,0.6579,⚠ DROP,,0.5167,pep_299544|Flex_GGGGSx1,27,81
con_0126,top,pep_216524,EIVLHYPYIPPGEKE,0.6268,0.4886,0.2636689762274424,Flex_GGGGSx2,GGGGSGGGGS,Both,EIVLHYPYIPPGEKEGGGGSGGGGSMGLPTALVNFVDVNEARPVIDNGQLVSRALIDKVFELIDGADIPLYAQMMIQSVNDQANSGDAASQASAVVLAINAIAELANGIPGDACESAALVNAYAYAVSTGNSAGLRSALVKYVQRINANIDAIVRLVNSPLEFSTSAAVGAGAGSGAASGAGAGSGAGAGSGAGAGSGAGAGSGAGAGSGAGAGSGAGAGSGAGAGSGAGAGSGAGAGSGAGAGYGAGVGAGYGAGYGAGAGYGFGPYVANGGYSRREGYEYAWSSKSDFETGSGAASGAGAGAGSGAGAGSGAGAGSGAGAGSGAGAGGSVSYGAGRGYGQGAGSAASSVSSASSRSYDYSRRNVRKNCGIPRRQLVVKFRALPCVNCLEGGGGSGGGGSEIVLHYPYIPPGEKEGGGGSGGGGSLEHHHHHH,434,0.6947057899375226,0.3026,0.13636314938797653,0.507,0.6193,⚠ DROP,,0.5239,pep_216524|Flex_GGGGSx2,28,82
con_0125,top,pep_216524,EIVLHYPYIPPGEKE,0.6268,0.4886,0.2636689762274424,Flex_GGGGSx2,GGGGSGGGGS,C,MGLPTALVNFVDVNEARPVIDNGQLVSRALIDKVFELIDGADIPLYAQMMIQSVNDQANSGDAASQASAVVLAINAIAELANGIPGDACESAALVNAYAYAVSTGNSAGLRSALVKYVQRINANIDAIVRLVNSPLEFSTSAAVGAGAGSGAASGAGAGSGAGAGSGAGAGSGAGAGSGAGAGSGAGAGSGAGAGSGAGAGSGAGAGSGAGAGSGAGAGYGAGVGAGYGAGYGAGAGYGFGPYVANGGYSRREGYEYAWSSKSDFETGSGAASGAGAGAGSGAGAGSGAGAGSGAGAGSGAGAGGSVSYGAGRGYGQGAGSAASSVSSASSRSYDYSRRNVRKNCGIPRRQLVVKFRALPCVNCLEGGGGSGGGGSEIVLHYPYIPPGEKEGGGGSGGGGSLEHHHHHH,409,0.6821260001106682,0.3217,0.13783704468793712,0.4813,0.6584,⚠ DROP,,0.5234,pep_216524|Flex_GGGGSx2,28,83
con_0124,top,pep_216524,EIVLHYPYIPPGEKE,0.6268,0.4886,0.2636689762274424,Flex_GGGGSx2,GGGGSGGGGS,N,EIVLHYPYIPPGEKEGGGGSGGGGSMGLPTALVNFVDVNEARPVIDNGQLVSRALIDKVFELIDGADIPLYAQMMIQSVNDQANSGDAASQASAVVLAINAIAELANGIPGDACESAALVNAYAYAVSTGNSAGLRSALVKYVQRINANIDAIVRLVNSPLEFSTSAAVGAGAGSGAASGAGAGSGAGAGSGAGAGSGAGAGSGAGAGSGAGAGSGAGAGSGAGAGSGAGAGSGAGAGSGAGAGYGAGVGAGYGAGYGAGAGYGFGPYVANGGYSRREGYEYAWSSKSDFETGSGAASGAGAGAGSGAGAGSGAGAGSGAGAGSGAGAGGSVSYGAGRGYGQGAGSAASSVSSASSRSYDYSRRNVRKNCGIPRRQLVVKFRALPCVNCLELEHHHHHH,399,0.6800536642540126,0.3026,0.13039835485347306,0.4942,0.6193,⚠ DROP,,0.519,pep_216524|Flex_GGGGSx2,28,84
con_0122,top,pep_216524,EIVLHYPYIPPGEKE,0.6268,0.4886,0.2636689762274424,Flex_GGGGSx1,GGGGS,C,MGLPTALVNFVDVNEARPVIDNGQLVSRALIDKVFELIDGADIPLYAQMMIQSVNDQANSGDAASQASAVVLAINAIAELANGIPGDACESAALVNAYAYAVSTGNSAGLRSALVKYVQRINANIDAIVRLVNSPLEFSTSAAVGAGAGSGAASGAGAGSGAGAGSGAGAGSGAGAGSGAGAGSGAGAGSGAGAGSGAGAGSGAGAGSGAGAGSGAGAGYGAGVGAGYGAGYGAGAGYGFGPYVANGGYSRREGYEYAWSSKSDFETGSGAASGAGAGAGSGAGAGSGAGAGSGAGAGSGAGAGGSVSYGAGRGYGQGAGSAASSVSSASSRSYDYSRRNVRKNCGIPRRQLVVKFRALPCVNCLEGGGGSEIVLHYPYIPPGEKEGGGGSLEHHHHHH,399,0.6800536642540126,0.3217,0.13572167489388234,0.4996,0.6584,⚠ DROP,,0.5236,pep_216524|Flex_GGGGSx1,29,85
con_0123,top,pep_216524,EIVLHYPYIPPGEKE,0.6268,0.4886,0.2636689762274424,Flex_GGGGSx1,GGGGS,Both,EIVLHYPYIPPGEKEGGGGSMGLPTALVNFVDVNEARPVIDNGQLVSRALIDKVFELIDGADIPLYAQMMIQSVNDQANSGDAASQASAVVLAINAIAELANGIPGDACESAALVNAYAYAVSTGNSAGLRSALVKYVQRINANIDAIVRLVNSPLEFSTSAAVGAGAGSGAASGAGAGSGAGAGSGAGAGSGAGAGSGAGAGSGAGAGSGAGAGSGAGAGSGAGAGSGAGAGSGAGAGYGAGVGAGYGAGYGAGAGYGFGPYVANGGYSRREGYEYAWSSKSDFETGSGAASGAGAGAGSGAGAGSGAGAGSGAGAGSGAGAGGSVSYGAGRGYGQGAGSAASSVSSASSRSYDYSRRNVRKNCGIPRRQLVVKFRALPCVNCLEGGGGSEIVLHYPYIPPGEKEGGGGSLEHHHHHH,419,0.6922552516776175,0.2797,0.13367197410045703,0.5131,0.5725,⚠ DROP,,0.5187,pep_216524|Flex_GGGGSx1,29,86
con_0121,top,pep_216524,EIVLHYPYIPPGEKE,0.6268,0.4886,0.2636689762274424,Flex_GGGGSx1,GGGGS,N,EIVLHYPYIPPGEKEGGGGSMGLPTALVNFVDVNEARPVIDNGQLVSRALIDKVFELIDGADIPLYAQMMIQSVNDQANSGDAASQASAVVLAINAIAELANGIPGDACESAALVNAYAYAVSTGNSAGLRSALVKYVQRINANIDAIVRLVNSPLEFSTSAAVGAGAGSGAASGAGAGSGAGAGSGAGAGSGAGAGSGAGAGSGAGAGSGAGAGSGAGAGSGAGAGSGAGAGSGAGAGYGAGVGAGYGAGYGAGAGYGFGPYVANGGYSRREGYEYAWSSKSDFETGSGAASGAGAGAGSGAGAGSGAGAGSGAGAGSGAGAGGSVSYGAGRGYGQGAGSAASSVSSASSRSYDYSRRNVRKNCGIPRRQLVVKFRALPCVNCLELEHHHHHH,394,0.6789752330153964,0.2797,0.1319246934310812,0.4931,0.5725,⚠ DROP,,0.5143,pep_216524|Flex_GGGGSx1,29,87
con_0228,top,pep_233907,EPTMYGEILSPNYPQAYPSEV,0.607,0.4574,0.13786006222168604,Flex_GGGGSx2,GGGGSGGGGS,Both,EPTMYGEILSPNYPQAYPSEVGGGGSGGGGSMGLPTALVNFVDVNEARPVIDNGQLVSRALIDKVFELIDGADIPLYAQMMIQSVNDQANSGDAASQASAVVLAINAIAELANGIPGDACESAALVNAYAYAVSTGNSAGLRSALVKYVQRINANIDAIVRLVNSPLEFSTSAAVGAGAGSGAASGAGAGSGAGAGSGAGAGSGAGAGSGAGAGSGAGAGSGAGAGSGAGAGSGAGAGSGAGAGSGAGAGYGAGVGAGYGAGYGAGAGYGFGPYVANGGYSRREGYEYAWSSKSDFETGSGAASGAGAGAGSGAGAGSGAGAGSGAGAGSGAGAGGSVSYGAGRGYGQGAGSAASSVSSASSRSYDYSRRNVRKNCGIPRRQLVVKFRALPCVNCLEGGGGSGGGGSEPTMYGEILSPNYPQAYPSEVGGGGSGGGGSLEHHHHHH,446,0.6662319858370674,0.3832,0.1308810832242026,0.4882,0.8378,OK,,0.5235,pep_233907|Flex_GGGGSx2,30,88
con_0226,top,pep_233907,EPTMYGEILSPNYPQAYPSEV,0.607,0.4574,0.13786006222168604,Flex_GGGGSx2,GGGGSGGGGS,N,EPTMYGEILSPNYPQAYPSEVGGGGSGGGGSMGLPTALVNFVDVNEARPVIDNGQLVSRALIDKVFELIDGADIPLYAQMMIQSVNDQANSGDAASQASAVVLAINAIAELANGIPGDACESAALVNAYAYAVSTGNSAGLRSALVKYVQRINANIDAIVRLVNSPLEFSTSAAVGAGAGSGAASGAGAGSGAGAGSGAGAGSGAGAGSGAGAGSGAGAGSGAGAGSGAGAGSGAGAGSGAGAGSGAGAGYGAGVGAGYGAGYGAGAGYGFGPYVANGGYSRREGYEYAWSSKSDFETGSGAASGAGAGAGSGAGAGSGAGAGSGAGAGSGAGAGGSVSYGAGRGYGQGAGSAASSVSSASSRSYDYSRRNVRKNCGIPRRQLVVKFRALPCVNCLELEHHHHHH,405,0.6643826135877376,0.3832,0.1262428481269766,0.4496,0.8378,OK,,0.5206,pep_233907|Flex_GGGGSx2,30,89
con_0227,top,pep_233907,EPTMYGEILSPNYPQAYPSEV,0.607,0.4574,0.13786006222168604,Flex_GGGGSx2,GGGGSGGGGS,C,MGLPTALVNFVDVNEARPVIDNGQLVSRALIDKVFELIDGADIPLYAQMMIQSVNDQANSGDAASQASAVVLAINAIAELANGIPGDACESAALVNAYAYAVSTGNSAGLRSALVKYVQRINANIDAIVRLVNSPLEFSTSAAVGAGAGSGAASGAGAGSGAGAGSGAGAGSGAGAGSGAGAGSGAGAGSGAGAGSGAGAGSGAGAGSGAGAGSGAGAGYGAGVGAGYGAGYGAGAGYGFGPYVANGGYSRREGYEYAWSSKSDFETGSGAASGAGAGAGSGAGAGSGAGAGSGAGAGSGAGAGGSVSYGAGRGYGQGAGSAASSVSSASSRSYDYSRRNVRKNCGIPRRQLVVKFRALPCVNCLEGGGGSGGGGSEPTMYGEILSPNYPQAYPSEVGGGGSGGGGSLEHHHHHH,415,0.6668569092400346,0.3217,0.133389814166599,0.4493,0.7033,⚠ DROP,,0.5097,pep_233907|Flex_GGGGSx2,30,90
con_0290,bottom,pep_988471,VTAEDKGTGNKNKITITNDQNRLTPEEIER,0.4689,0.1903,0.2823712616165479,Flex_GGGGSx1,GGGGS,C,MGLPTALVNFVDVNEARPVIDNGQLVSRALIDKVFELIDGADIPLYAQMMIQSVNDQANSGDAASQASAVVLAINAIAELANGIPGDACESAALVNAYAYAVSTGNSAGLRSALVKYVQRINANIDAIVRLVNSPLEFSTSAAVGAGAGSGAASGAGAGSGAGAGSGAGAGSGAGAGSGAGAGSGAGAGSGAGAGSGAGAGSGAGAGSGAGAGSGAGAGYGAGVGAGYGAGYGAGAGYGFGPYVANGGYSRREGYEYAWSSKSDFETGSGAASGAGAGAGSGAGAGSGAGAGSGAGAGSGAGAGGSVSYGAGRGYGQGAGSAASSVSSASSRSYDYSRRNVRKNCGIPRRQLVVKFRALPCVNCLEGGGGSVTAEDKGTGNKNKITITNDQNRLTPEEIERGGGGSLEHHHHHH,414,0.7315452215438826,0.3217,0.14064687730627504,0.402,1.6905,OK,,0.469,pep_988471|Flex_GGGGSx1,0,1
con_0293,bottom,pep_988471,VTAEDKGTGNKNKITITNDQNRLTPEEIER,0.4689,0.1903,0.2823712616165479,Flex_GGGGSx2,GGGGSGGGGS,C,MGLPTALVNFVDVNEARPVIDNGQLVSRALIDKVFELIDGADIPLYAQMMIQSVNDQANSGDAASQASAVVLAINAIAELANGIPGDACESAALVNAYAYAVSTGNSAGLRSALVKYVQRINANIDAIVRLVNSPLEFSTSAAVGAGAGSGAASGAGAGSGAGAGSGAGAGSGAGAGSGAGAGSGAGAGSGAGAGSGAGAGSGAGAGSGAGAGSGAGAGYGAGVGAGYGAGYGAGAGYGFGPYVANGGYSRREGYEYAWSSKSDFETGSGAASGAGAGAGSGAGAGSGAGAGSGAGAGSGAGAGGSVSYGAGRGYGQGAGSAASSVSSASSRSYDYSRRNVRKNCGIPRRQLVVKFRALPCVNCLEGGGGSGGGGSVTAEDKGTGNKNKITITNDQNRLTPEEIERGGGGSGGGGSLEHHHHHH,424,0.7322013301888187,0.3217,0.14401545714024666,0.3844,1.6905,OK,,0.4686,pep_988471|Flex_GGGGSx2,0,2
con_0279,bottom,pep_140158,DKKVEKVTISN,0.4662,0.1883,0.2897741881283847,Flex_GGGGSx1,GGGGS,Both,DKKVEKVTISNGGGGSMGLPTALVNFVDVNEARPVIDNGQLVSRALIDKVFELIDGADIPLYAQMMIQSVNDQANSGDAASQASAVVLAINAIAELANGIPGDACESAALVNAYAYAVSTGNSAGLRSALVKYVQRINANIDAIVRLVNSPLEFSTSAAVGAGAGSGAASGAGAGSGAGAGSGAGAGSGAGAGSGAGAGSGAGAGSGAGAGSGAGAGSGAGAGSGAGAGSGAGAGYGAGVGAGYGAGYGAGAGYGFGPYVANGGYSRREGYEYAWSSKSDFETGSGAASGAGAGAGSGAGAGSGAGAGSGAGAGSGAGAGGSVSYGAGRGYGQGAGSAASSVSSASSRSYDYSRRNVRKNCGIPRRQLVVKFRALPCVNCLEGGGGSDKKVEKVTISNGGGGSLEHHHHHH,411,0.7209919109526899,0.2978,0.1313748362032275,0.4268,1.5815,OK,,0.4608,pep_140158|Flex_GGGGSx1,0,3
con_0248,bottom,pep_895244,TLQLLNQQEQEKEESSSEEEEEKAEERPR,0.4268,0.1645,0.2785443388696375,Flex_GGGGSx1,GGGGS,C,MGLPTALVNFVDVNEARPVIDNGQLVSRALIDKVFELIDGADIPLYAQMMIQSVNDQANSGDAASQASAVVLAINAIAELANGIPGDACESAALVNAYAYAVSTGNSAGLRSALVKYVQRINANIDAIVRLVNSPLEFSTSAAVGAGAGSGAASGAGAGSGAGAGSGAGAGSGAGAGSGAGAGSGAGAGSGAGAGSGAGAGSGAGAGSGAGAGSGAGAGYGAGVGAGYGAGYGAGAGYGFGPYVANGGYSRREGYEYAWSSKSDFETGSGAASGAGAGAGSGAGAGSGAGAGSGAGAGSGAGAGGSVSYGAGRGYGQGAGSAASSVSSASSRSYDYSRRNVRKNCGIPRRQLVVKFRALPCVNCLEGGGGSTLQLLNQQEQEKEESSSEEEEEKAEERPRGGGGSLEHHHHHH,413,0.7569757041401073,0.3217,0.14361220763107765,0.4369,1.9556,OK,,0.4605,pep_895244|Flex_GGGGSx1,0,4
con_0297,bottom,pep_217694,EKKVVKITSE,0.4543,0.1925,0.27755192309618,Flex_GGGGSx1,GGGGS,Both,EKKVVKITSEGGGGSMGLPTALVNFVDVNEARPVIDNGQLVSRALIDKVFELIDGADIPLYAQMMIQSVNDQANSGDAASQASAVVLAINAIAELANGIPGDACESAALVNAYAYAVSTGNSAGLRSALVKYVQRINANIDAIVRLVNSPLEFSTSAAVGAGAGSGAASGAGAGSGAGAGSGAGAGSGAGAGSGAGAGSGAGAGSGAGAGSGAGAGSGAGAGSGAGAGSGAGAGYGAGVGAGYGAGYGAGAGYGFGPYVANGGYSRREGYEYAWSSKSDFETGSGAASGAGAGAGSGAGAGSGAGAGSGAGAGSGAGAGGSVSYGAGRGYGQGAGSAASSVSSASSRSYDYSRRNVRKNCGIPRRQLVVKFRALPCVNCLEGGGGSEKKVVKITSEGGGGSLEHHHHHH,409,0.7214890863019119,0.3132,0.13026754487269446,0.4529,1.627,OK,,0.4604,pep_217694|Flex_GGGGSx1,0,5
con_0251,bottom,pep_895244,TLQLLNQQEQEKEESSSEEEEEKAEERPR,0.4268,0.1645,0.2785443388696375,Flex_GGGGSx2,GGGGSGGGGS,C,MGLPTALVNFVDVNEARPVIDNGQLVSRALIDKVFELIDGADIPLYAQMMIQSVNDQANSGDAASQASAVVLAINAIAELANGIPGDACESAALVNAYAYAVSTGNSAGLRSALVKYVQRINANIDAIVRLVNSPLEFSTSAAVGAGAGSGAASGAGAGSGAGAGSGAGAGSGAGAGSGAGAGSGAGAGSGAGAGSGAGAGSGAGAGSGAGAGSGAGAGYGAGVGAGYGAGYGAGAGYGFGPYVANGGYSRREGYEYAWSSKSDFETGSGAASGAGAGAGSGAGAGSGAGAGSGAGAGSGAGAGGSVSYGAGRGYGQGAGSAASSVSSASSRSYDYSRRNVRKNCGIPRRQLVVKFRALPCVNCLEGGGGSGGGGSTLQLLNQQEQEKEESSSEEEEEKAEERPRGGGGSGGGGSLEHHHHHH,423,0.7570108023511928,0.3217,0.14473725575557414,0.3801,1.9556,OK,,0.4578,pep_895244|Flex_GGGGSx2,0,6
con_0278,bottom,pep_140158,DKKVEKVTISN,0.4662,0.1883,0.2897741881283847,Flex_GGGGSx1,GGGGS,C,MGLPTALVNFVDVNEARPVIDNGQLVSRALIDKVFELIDGADIPLYAQMMIQSVNDQANSGDAASQASAVVLAINAIAELANGIPGDACESAALVNAYAYAVSTGNSAGLRSALVKYVQRINANIDAIVRLVNSPLEFSTSAAVGAGAGSGAASGAGAGSGAGAGSGAGAGSGAGAGSGAGAGSGAGAGSGAGAGSGAGAGSGAGAGSGAGAGSGAGAGYGAGVGAGYGAGYGAGAGYGFGPYVANGGYSRREGYEYAWSSKSDFETGSGAASGAGAGAGSGAGAGSGAGAGSGAGAGSGAGAGGSVSYGAGRGYGQGAGSAASSVSSASSRSYDYSRRNVRKNCGIPRRQLVVKFRALPCVNCLEGGGGSDKKVEKVTISNGGGGSLEHHHHHH,395,0.6954248983733777,0.3217,0.13678031165294255,0.3841,1.7084,OK,,0.4576,pep_140158|Flex_GGGGSx1,0,7
con_0291,bottom,pep_988471,VTAEDKGTGNKNKITITNDQNRLTPEEIER,0.4689,0.1903,0.2823712616165479,Flex_GGGGSx1,GGGGS,Both,VTAEDKGTGNKNKITITNDQNRLTPEEIERGGGGSMGLPTALVNFVDVNEARPVIDNGQLVSRALIDKVFELIDGADIPLYAQMMIQSVNDQANSGDAASQASAVVLAINAIAELANGIPGDACESAALVNAYAYAVSTGNSAGLRSALVKYVQRINANIDAIVRLVNSPLEFSTSAAVGAGAGSGAASGAGAGSGAGAGSGAGAGSGAGAGSGAGAGSGAGAGSGAGAGSGAGAGSGAGAGSGAGAGSGAGAGYGAGVGAGYGAGYGAGAGYGFGPYVANGGYSRREGYEYAWSSKSDFETGSGAASGAGAGAGSGAGAGSGAGAGSGAGAGSGAGAGGSVSYGAGRGYGQGAGSAASSVSSASSRSYDYSRRNVRKNCGIPRRQLVVKFRALPCVNCLEGGGGSVTAEDKGTGNKNKITITNDQNRLTPEEIERGGGGSLEHHHHHH,449,0.7798992015024423,0.1903,0.14267517370742255,0.4479,1.0,OK,,0.4573,pep_988471|Flex_GGGGSx1,0,8
con_0294,bottom,pep_988471,VTAEDKGTGNKNKITITNDQNRLTPEEIER,0.4689,0.1903,0.2823712616165479,Flex_GGGGSx2,GGGGSGGGGS,Both,VTAEDKGTGNKNKITITNDQNRLTPEEIERGGGGSGGGGSMGLPTALVNFVDVNEARPVIDNGQLVSRALIDKVFELIDGADIPLYAQMMIQSVNDQANSGDAASQASAVVLAINAIAELANGIPGDACESAALVNAYAYAVSTGNSAGLRSALVKYVQRINANIDAIVRLVNSPLEFSTSAAVGAGAGSGAASGAGAGSGAGAGSGAGAGSGAGAGSGAGAGSGAGAGSGAGAGSGAGAGSGAGAGSGAGAGSGAGAGYGAGVGAGYGAGYGAGAGYGFGPYVANGGYSRREGYEYAWSSKSDFETGSGAASGAGAGAGSGAGAGSGAGAGSGAGAGSGAGAGGSVSYGAGRGYGQGAGSAASSVSSASSRSYDYSRRNVRKNCGIPRRQLVVKFRALPCVNCLEGGGGSGGGGSVTAEDKGTGNKNKITITNDQNRLTPEEIERGGGGSGGGGSLEHHHHHH,464,0.7792279064059762,0.1903,0.14631047032669123,0.439,1.0,OK,,0.457,pep_988471|Flex_GGGGSx2,0,9
con_0282,bottom,pep_140158,DKKVEKVTISN,0.4662,0.1883,0.2897741881283847,Flex_GGGGSx2,GGGGSGGGGS,Both,DKKVEKVTISNGGGGSGGGGSMGLPTALVNFVDVNEARPVIDNGQLVSRALIDKVFELIDGADIPLYAQMMIQSVNDQANSGDAASQASAVVLAINAIAELANGIPGDACESAALVNAYAYAVSTGNSAGLRSALVKYVQRINANIDAIVRLVNSPLEFSTSAAVGAGAGSGAASGAGAGSGAGAGSGAGAGSGAGAGSGAGAGSGAGAGSGAGAGSGAGAGSGAGAGSGAGAGSGAGAGYGAGVGAGYGAGYGAGAGYGFGPYVANGGYSRREGYEYAWSSKSDFETGSGAASGAGAGAGSGAGAGSGAGAGSGAGAGSGAGAGGSVSYGAGRGYGQGAGSAASSVSSASSRSYDYSRRNVRKNCGIPRRQLVVKFRALPCVNCLEGGGGSGGGGSDKKVEKVTISNGGGGSGGGGSLEHHHHHH,426,0.7223699992994613,0.2849,0.13457841263786657,0.36,1.513,OK,,0.4555,pep_140158|Flex_GGGGSx2,0,10
con_0300,bottom,pep_217694,EKKVVKITSE,0.4543,0.1925,0.27755192309618,Flex_GGGGSx2,GGGGSGGGGS,Both,EKKVVKITSEGGGGSGGGGSMGLPTALVNFVDVNEARPVIDNGQLVSRALIDKVFELIDGADIPLYAQMMIQSVNDQANSGDAASQASAVVLAINAIAELANGIPGDACESAALVNAYAYAVSTGNSAGLRSALVKYVQRINANIDAIVRLVNSPLEFSTSAAVGAGAGSGAASGAGAGSGAGAGSGAGAGSGAGAGSGAGAGSGAGAGSGAGAGSGAGAGSGAGAGSGAGAGSGAGAGYGAGVGAGYGAGYGAGAGYGFGPYVANGGYSRREGYEYAWSSKSDFETGSGAASGAGAGAGSGAGAGSGAGAGSGAGAGSGAGAGGSVSYGAGRGYGQGAGSAASSVSSASSRSYDYSRRNVRKNCGIPRRQLVVKFRALPCVNCLEGGGGSGGGGSEKKVVKITSEGGGGSGGGGSLEHHHHHH,424,0.7228546205212005,0.2967,0.13464319364888208,0.3976,1.5413,OK,,0.4551,pep_217694|Flex_GGGGSx2,0,11
con_0296,bottom,pep_217694,EKKVVKITSE,0.4543,0.1925,0.27755192309618,Flex_GGGGSx1,GGGGS,C,MGLPTALVNFVDVNEARPVIDNGQLVSRALIDKVFELIDGADIPLYAQMMIQSVNDQANSGDAASQASAVVLAINAIAELANGIPGDACESAALVNAYAYAVSTGNSAGLRSALVKYVQRINANIDAIVRLVNSPLEFSTSAAVGAGAGSGAASGAGAGSGAGAGSGAGAGSGAGAGSGAGAGSGAGAGSGAGAGSGAGAGSGAGAGSGAGAGSGAGAGYGAGVGAGYGAGYGAGAGYGFGPYVANGGYSRREGYEYAWSSKSDFETGSGAASGAGAGAGSGAGAGSGAGAGSGAGAGSGAGAGGSVSYGAGRGYGQGAGSAASSVSSASSRSYDYSRRNVRKNCGIPRRQLVVKFRALPCVNCLEGGGGSEKKVVKITSEGGGGSLEHHHHHH,394,0.6956301737149604,0.3217,0.13648251132651937,0.4287,1.6712,OK,,0.4551,pep_217694|Flex_GGGGSx1,0,12
con_0277,bottom,pep_140158,DKKVEKVTISN,0.4662,0.1883,0.2897741881283847,Flex_GGGGSx1,GGGGS,N,DKKVEKVTISNGGGGSMGLPTALVNFVDVNEARPVIDNGQLVSRALIDKVFELIDGADIPLYAQMMIQSVNDQANSGDAASQASAVVLAINAIAELANGIPGDACESAALVNAYAYAVSTGNSAGLRSALVKYVQRINANIDAIVRLVNSPLEFSTSAAVGAGAGSGAASGAGAGSGAGAGSGAGAGSGAGAGSGAGAGSGAGAGSGAGAGSGAGAGSGAGAGSGAGAGSGAGAGYGAGVGAGYGAGYGAGAGYGFGPYVANGGYSRREGYEYAWSSKSDFETGSGAASGAGAGAGSGAGAGSGAGAGSGAGAGSGAGAGGSVSYGAGRGYGQGAGSAASSVSSASSRSYDYSRRNVRKNCGIPRRQLVVKFRALPCVNCLELEHHHHHH,390,0.6945589539967768,0.2978,0.12995892231137707,0.4354,1.5815,OK,,0.4544,pep_140158|Flex_GGGGSx1,0,13
con_0281,bottom,pep_140158,DKKVEKVTISN,0.4662,0.1883,0.2897741881283847,Flex_GGGGSx2,GGGGSGGGGS,C,MGLPTALVNFVDVNEARPVIDNGQLVSRALIDKVFELIDGADIPLYAQMMIQSVNDQANSGDAASQASAVVLAINAIAELANGIPGDACESAALVNAYAYAVSTGNSAGLRSALVKYVQRINANIDAIVRLVNSPLEFSTSAAVGAGAGSGAASGAGAGSGAGAGSGAGAGSGAGAGSGAGAGSGAGAGSGAGAGSGAGAGSGAGAGSGAGAGSGAGAGYGAGVGAGYGAGYGAGAGYGFGPYVANGGYSRREGYEYAWSSKSDFETGSGAASGAGAGAGSGAGAGSGAGAGSGAGAGSGAGAGGSVSYGAGRGYGQGAGSAASSVSSASSRSYDYSRRNVRKNCGIPRRQLVVKFRALPCVNCLEGGGGSGGGGSDKKVEKVTISNGGGGSGGGGSLEHHHHHH,405,0.6970887472472995,0.3217,0.1392469542307986,0.3071,1.7084,OK,,0.4544,pep_140158|Flex_GGGGSx2,0,14
con_0295,bottom,pep_217694,EKKVVKITSE,0.4543,0.1925,0.27755192309618,Flex_GGGGSx1,GGGGS,N,EKKVVKITSEGGGGSMGLPTALVNFVDVNEARPVIDNGQLVSRALIDKVFELIDGADIPLYAQMMIQSVNDQANSGDAASQASAVVLAINAIAELANGIPGDACESAALVNAYAYAVSTGNSAGLRSALVKYVQRINANIDAIVRLVNSPLEFSTSAAVGAGAGSGAASGAGAGSGAGAGSGAGAGSGAGAGSGAGAGSGAGAGSGAGAGSGAGAGSGAGAGSGAGAGSGAGAGYGAGVGAGYGAGYGAGAGYGFGPYVANGGYSRREGYEYAWSSKSDFETGSGAASGAGAGAGSGAGAGSGAGAGSGAGAGSGAGAGGSVSYGAGRGYGQGAGSAASSVSSASSRSYDYSRRNVRKNCGIPRRQLVVKFRALPCVNCLELEHHHHHH,389,0.6947649719987298,0.3132,0.12862485995262402,0.456,1.627,OK,,0.4537,pep_217694|Flex_GGGGSx1,0,15
con_0299,bottom,pep_217694,EKKVVKITSE,0.4543,0.1925,0.27755192309618,Flex_GGGGSx2,GGGGSGGGGS,C,MGLPTALVNFVDVNEARPVIDNGQLVSRALIDKVFELIDGADIPLYAQMMIQSVNDQANSGDAASQASAVVLAINAIAELANGIPGDACESAALVNAYAYAVSTGNSAGLRSALVKYVQRINANIDAIVRLVNSPLEFSTSAAVGAGAGSGAASGAGAGSGAGAGSGAGAGSGAGAGSGAGAGSGAGAGSGAGAGSGAGAGSGAGAGSGAGAGSGAGAGYGAGVGAGYGAGYGAGAGYGFGPYVANGGYSRREGYEYAWSSKSDFETGSGAASGAGAGAGSGAGAGSGAGAGSGAGAGSGAGAGGSVSYGAGRGYGQGAGSAASSVSSASSRSYDYSRRNVRKNCGIPRRQLVVKFRALPCVNCLEGGGGSGGGGSEKKVVKITSEGGGGSGGGGSLEHHHHHH,404,0.6972924353923463,0.3217,0.13977384343835533,0.343,1.6712,OK,,0.4515,pep_217694|Flex_GGGGSx2,0,16
con_0254,bottom,pep_889620,TKQQQQQQQQSNSSSGVANNQK,0.4563,0.1715,0.2821580927480351,Flex_GGGGSx1,GGGGS,C,MGLPTALVNFVDVNEARPVIDNGQLVSRALIDKVFELIDGADIPLYAQMMIQSVNDQANSGDAASQASAVVLAINAIAELANGIPGDACESAALVNAYAYAVSTGNSAGLRSALVKYVQRINANIDAIVRLVNSPLEFSTSAAVGAGAGSGAASGAGAGSGAGAGSGAGAGSGAGAGSGAGAGSGAGAGSGAGAGSGAGAGSGAGAGSGAGAGSGAGAGYGAGVGAGYGAGYGAGAGYGFGPYVANGGYSRREGYEYAWSSKSDFETGSGAASGAGAGAGSGAGAGSGAGAGSGAGAGSGAGAGGSVSYGAGRGYGQGAGSAASSVSSASSRSYDYSRRNVRKNCGIPRRQLVVKFRALPCVNCLEGGGGSTKQQQQQQQQSNSSSGVANNQKGGGGSLEHHHHHH,406,0.6879425961599173,0.3217,0.13913414974242744,0.3703,1.8758,OK,,0.4513,pep_889620|Flex_GGGGSx1,0,17
con_0257,bottom,pep_889620,TKQQQQQQQQSNSSSGVANNQK,0.4563,0.1715,0.2821580927480351,Flex_GGGGSx2,GGGGSGGGGS,C,MGLPTALVNFVDVNEARPVIDNGQLVSRALIDKVFELIDGADIPLYAQMMIQSVNDQANSGDAASQASAVVLAINAIAELANGIPGDACESAALVNAYAYAVSTGNSAGLRSALVKYVQRINANIDAIVRLVNSPLEFSTSAAVGAGAGSGAASGAGAGSGAGAGSGAGAGSGAGAGSGAGAGSGAGAGSGAGAGSGAGAGSGAGAGSGAGAGSGAGAGYGAGVGAGYGAGYGAGAGYGFGPYVANGGYSRREGYEYAWSSKSDFETGSGAASGAGAGAGSGAGAGSGAGAGSGAGAGSGAGAGGSVSYGAGRGYGQGAGSAASSVSSASSRSYDYSRRNVRKNCGIPRRQLVVKFRALPCVNCLEGGGGSGGGGSTKQQQQQQQQSNSSSGVANNQKGGGGSGGGGSLEHHHHHH,416,0.6897650631521457,0.3217,0.14022566478771087,0.3467,1.8758,OK,,0.4507,pep_889620|Flex_GGGGSx2,0,18
con_0269,bottom,pep_608130,LVQQQEEEQQKQQSASSIVAAR,0.4543,0.1826,0.2500073316422376,Flex_GGGGSx2,GGGGSGGGGS,C,MGLPTALVNFVDVNEARPVIDNGQLVSRALIDKVFELIDGADIPLYAQMMIQSVNDQANSGDAASQASAVVLAINAIAELANGIPGDACESAALVNAYAYAVSTGNSAGLRSALVKYVQRINANIDAIVRLVNSPLEFSTSAAVGAGAGSGAASGAGAGSGAGAGSGAGAGSGAGAGSGAGAGSGAGAGSGAGAGSGAGAGSGAGAGSGAGAGSGAGAGYGAGVGAGYGAGYGAGAGYGFGPYVANGGYSRREGYEYAWSSKSDFETGSGAASGAGAGAGSGAGAGSGAGAGSGAGAGSGAGAGGSVSYGAGRGYGQGAGSAASSVSSASSRSYDYSRRNVRKNCGIPRRQLVVKFRALPCVNCLEGGGGSGGGGSLVQQQEEEQQKQQSASSIVAARGGGGSGGGGSLEHHHHHH,416,0.6913034501427983,0.3217,0.13571784742122803,0.3571,1.7618,OK,,0.4503,pep_608130|Flex_GGGGSx2,0,19
con_0280,bottom,pep_140158,DKKVEKVTISN,0.4662,0.1883,0.2897741881283847,Flex_GGGGSx2,GGGGSGGGGS,N,DKKVEKVTISNGGGGSGGGGSMGLPTALVNFVDVNEARPVIDNGQLVSRALIDKVFELIDGADIPLYAQMMIQSVNDQANSGDAASQASAVVLAINAIAELANGIPGDACESAALVNAYAYAVSTGNSAGLRSALVKYVQRINANIDAIVRLVNSPLEFSTSAAVGAGAGSGAASGAGAGSGAGAGSGAGAGSGAGAGSGAGAGSGAGAGSGAGAGSGAGAGSGAGAGSGAGAGSGAGAGYGAGVGAGYGAGYGAGAGYGFGPYVANGGYSRREGYEYAWSSKSDFETGSGAASGAGAGAGSGAGAGSGAGAGSGAGAGSGAGAGGSVSYGAGRGYGQGAGSAASSVSSASSRSYDYSRRNVRKNCGIPRRQLVVKFRALPCVNCLELEHHHHHH,395,0.6954248983733792,0.2849,0.13072675623141136,0.3957,1.513,OK,,0.4502,pep_140158|Flex_GGGGSx2,0,20
con_0266,bottom,pep_608130,LVQQQEEEQQKQQSASSIVAAR,0.4543,0.1826,0.2500073316422376,Flex_GGGGSx1,GGGGS,C,MGLPTALVNFVDVNEARPVIDNGQLVSRALIDKVFELIDGADIPLYAQMMIQSVNDQANSGDAASQASAVVLAINAIAELANGIPGDACESAALVNAYAYAVSTGNSAGLRSALVKYVQRINANIDAIVRLVNSPLEFSTSAAVGAGAGSGAASGAGAGSGAGAGSGAGAGSGAGAGSGAGAGSGAGAGSGAGAGSGAGAGSGAGAGSGAGAGSGAGAGYGAGVGAGYGAGYGAGAGYGFGPYVANGGYSRREGYEYAWSSKSDFETGSGAASGAGAGAGSGAGAGSGAGAGSGAGAGSGAGAGGSVSYGAGRGYGQGAGSAASSVSSASSRSYDYSRRNVRKNCGIPRRQLVVKFRALPCVNCLEGGGGSLVQQQEEEQQKQQSASSIVAARGGGGSLEHHHHHH,406,0.6895239127751678,0.3217,0.133164910539948,0.3671,1.7618,OK,,0.4501,pep_608130|Flex_GGGGSx1,0,21
con_0249,bottom,pep_895244,TLQLLNQQEQEKEESSSEEEEEKAEERPR,0.4268,0.1645,0.2785443388696375,Flex_GGGGSx1,GGGGS,Both,TLQLLNQQEQEKEESSSEEEEEKAEERPRGGGGSMGLPTALVNFVDVNEARPVIDNGQLVSRALIDKVFELIDGADIPLYAQMMIQSVNDQANSGDAASQASAVVLAINAIAELANGIPGDACESAALVNAYAYAVSTGNSAGLRSALVKYVQRINANIDAIVRLVNSPLEFSTSAAVGAGAGSGAASGAGAGSGAGAGSGAGAGSGAGAGSGAGAGSGAGAGSGAGAGSGAGAGSGAGAGSGAGAGSGAGAGYGAGVGAGYGAGYGAGAGYGFGPYVANGGYSRREGYEYAWSSKSDFETGSGAASGAGAGAGSGAGAGSGAGAGSGAGAGSGAGAGGSVSYGAGRGYGQGAGSAASSVSSASSRSYDYSRRNVRKNCGIPRRQLVVKFRALPCVNCLEGGGGSTLQLLNQQEQEKEESSSEEEEEKAEERPRGGGGSLEHHHHHH,447,0.8195500859488623,0.175,0.14708443873247312,0.4874,1.0638,OK,,0.4497,pep_895244|Flex_GGGGSx1,0,22
con_0298,bottom,pep_217694,EKKVVKITSE,0.4543,0.1925,0.27755192309618,Flex_GGGGSx2,GGGGSGGGGS,N,EKKVVKITSEGGGGSGGGGSMGLPTALVNFVDVNEARPVIDNGQLVSRALIDKVFELIDGADIPLYAQMMIQSVNDQANSGDAASQASAVVLAINAIAELANGIPGDACESAALVNAYAYAVSTGNSAGLRSALVKYVQRINANIDAIVRLVNSPLEFSTSAAVGAGAGSGAASGAGAGSGAGAGSGAGAGSGAGAGSGAGAGSGAGAGSGAGAGSGAGAGSGAGAGSGAGAGSGAGAGYGAGVGAGYGAGYGAGAGYGFGPYVANGGYSRREGYEYAWSSKSDFETGSGAASGAGAGAGSGAGAGSGAGAGSGAGAGSGAGAGGSVSYGAGRGYGQGAGSAASSVSSASSRSYDYSRRNVRKNCGIPRRQLVVKFRALPCVNCLELEHHHHHH,394,0.6956301737149604,0.2967,0.12984727464408288,0.4336,1.5413,OK,,0.4496,pep_217694|Flex_GGGGSx2,0,23
con_0252,bottom,pep_895244,TLQLLNQQEQEKEESSSEEEEEKAEERPR,0.4268,0.1645,0.2785443388696375,Flex_GGGGSx2,GGGGSGGGGS,Both,TLQLLNQQEQEKEESSSEEEEEKAEERPRGGGGSGGGGSMGLPTALVNFVDVNEARPVIDNGQLVSRALIDKVFELIDGADIPLYAQMMIQSVNDQANSGDAASQASAVVLAINAIAELANGIPGDACESAALVNAYAYAVSTGNSAGLRSALVKYVQRINANIDAIVRLVNSPLEFSTSAAVGAGAGSGAASGAGAGSGAGAGSGAGAGSGAGAGSGAGAGSGAGAGSGAGAGSGAGAGSGAGAGSGAGAGSGAGAGYGAGVGAGYGAGYGAGAGYGFGPYVANGGYSRREGYEYAWSSKSDFETGSGAASGAGAGAGSGAGAGSGAGAGSGAGAGSGAGAGGSVSYGAGRGYGQGAGSAASSVSSASSRSYDYSRRNVRKNCGIPRRQLVVKFRALPCVNCLEGGGGSGGGGSTLQLLNQQEQEKEESSSEEEEEKAEERPRGGGGSGGGGSLEHHHHHH,462,0.8177712274688994,0.175,0.15158367972998393,0.4844,1.0638,OK,,0.4495,pep_895244|Flex_GGGGSx2,0,24
con_0285,bottom,pep_078551,ATYKVKDSSVGK,0.4294,0.1888,0.30142439206441246,Flex_GGGGSx1,GGGGS,Both,ATYKVKDSSVGKGGGGSMGLPTALVNFVDVNEARPVIDNGQLVSRALIDKVFELIDGADIPLYAQMMIQSVNDQANSGDAASQASAVVLAINAIAELANGIPGDACESAALVNAYAYAVSTGNSAGLRSALVKYVQRINANIDAIVRLVNSPLEFSTSAAVGAGAGSGAASGAGAGSGAGAGSGAGAGSGAGAGSGAGAGSGAGAGSGAGAGSGAGAGSGAGAGSGAGAGSGAGAGYGAGVGAGYGAGYGAGAGYGFGPYVANGGYSRREGYEYAWSSKSDFETGSGAASGAGAGAGSGAGAGSGAGAGSGAGAGSGAGAGGSVSYGAGRGYGQGAGSAASSVSSASSRSYDYSRRNVRKNCGIPRRQLVVKFRALPCVNCLEGGGGSATYKVKDSSVGKGGGGSLEHHHHHH,413,0.6949286271211792,0.3428,0.1290849969760666,0.4197,1.8157,OK,,0.4479,pep_078551|Flex_GGGGSx1,0,25
con_0272,bottom,pep_1043856,YQQQQQQQKQAAAAAAAAAATAAW,0.4346,0.1861,0.2154905512308081,Flex_GGGGSx1,GGGGS,C,MGLPTALVNFVDVNEARPVIDNGQLVSRALIDKVFELIDGADIPLYAQMMIQSVNDQANSGDAASQASAVVLAINAIAELANGIPGDACESAALVNAYAYAVSTGNSAGLRSALVKYVQRINANIDAIVRLVNSPLEFSTSAAVGAGAGSGAASGAGAGSGAGAGSGAGAGSGAGAGSGAGAGSGAGAGSGAGAGSGAGAGSGAGAGSGAGAGSGAGAGYGAGVGAGYGAGYGAGAGYGFGPYVANGGYSRREGYEYAWSSKSDFETGSGAASGAGAGAGSGAGAGSGAGAGSGAGAGSGAGAGGSVSYGAGRGYGQGAGSAASSVSSASSRSYDYSRRNVRKNCGIPRRQLVVKFRALPCVNCLEGGGGSYQQQQQQQKQAAAAAAAAAATAAWGGGGSLEHHHHHH,408,0.6907154241785123,0.3217,0.13354483552222304,0.436,1.7286,OK,,0.446,pep_1043856|Flex_GGGGSx1,0,26
con_0275,bottom,pep_1043856,YQQQQQQQKQAAAAAAAAAATAAW,0.4346,0.1861,0.2154905512308081,Flex_GGGGSx2,GGGGSGGGGS,C,MGLPTALVNFVDVNEARPVIDNGQLVSRALIDKVFELIDGADIPLYAQMMIQSVNDQANSGDAASQASAVVLAINAIAELANGIPGDACESAALVNAYAYAVSTGNSAGLRSALVKYVQRINANIDAIVRLVNSPLEFSTSAAVGAGAGSGAASGAGAGSGAGAGSGAGAGSGAGAGSGAGAGSGAGAGSGAGAGSGAGAGSGAGAGSGAGAGSGAGAGYGAGVGAGYGAGYGAGAGYGFGPYVANGGYSRREGYEYAWSSKSDFETGSGAASGAGAGAGSGAGAGSGAGAGSGAGAGSGAGAGGSVSYGAGRGYGQGAGSAASSVSSASSRSYDYSRRNVRKNCGIPRRQLVVKFRALPCVNCLEGGGGSGGGGSYQQQQQQQKQAAAAAAAAAATAAWGGGGSGGGGSLEHHHHHH,418,0.6924543096888734,0.3217,0.13328289803491825,0.42,1.7286,OK,,0.4456,pep_1043856|Flex_GGGGSx2,0,27
con_0292,bottom,pep_988471,VTAEDKGTGNKNKITITNDQNRLTPEEIER,0.4689,0.1903,0.2823712616165479,Flex_GGGGSx2,GGGGSGGGGS,N,VTAEDKGTGNKNKITITNDQNRLTPEEIERGGGGSGGGGSMGLPTALVNFVDVNEARPVIDNGQLVSRALIDKVFELIDGADIPLYAQMMIQSVNDQANSGDAASQASAVVLAINAIAELANGIPGDACESAALVNAYAYAVSTGNSAGLRSALVKYVQRINANIDAIVRLVNSPLEFSTSAAVGAGAGSGAASGAGAGSGAGAGSGAGAGSGAGAGSGAGAGSGAGAGSGAGAGSGAGAGSGAGAGSGAGAGSGAGAGYGAGVGAGYGAGYGAGAGYGFGPYVANGGYSRREGYEYAWSSKSDFETGSGAASGAGAGAGSGAGAGSGAGAGSGAGAGSGAGAGGSVSYGAGRGYGQGAGSAASSVSSASSRSYDYSRRNVRKNCGIPRRQLVVKFRALPCVNCLELEHHHHHH,414,0.7315452215438826,0.1903,0.14038693934436078,0.4368,1.0,OK,,0.4444,pep_988471|Flex_GGGGSx2,0,28
con_0289,bottom,pep_988471,VTAEDKGTGNKNKITITNDQNRLTPEEIER,0.4689,0.1903,0.2823712616165479,Flex_GGGGSx1,GGGGS,N,VTAEDKGTGNKNKITITNDQNRLTPEEIERGGGGSMGLPTALVNFVDVNEARPVIDNGQLVSRALIDKVFELIDGADIPLYAQMMIQSVNDQANSGDAASQASAVVLAINAIAELANGIPGDACESAALVNAYAYAVSTGNSAGLRSALVKYVQRINANIDAIVRLVNSPLEFSTSAAVGAGAGSGAASGAGAGSGAGAGSGAGAGSGAGAGSGAGAGSGAGAGSGAGAGSGAGAGSGAGAGSGAGAGSGAGAGYGAGVGAGYGAGYGAGAGYGFGPYVANGGYSRREGYEYAWSSKSDFETGSGAASGAGAGAGSGAGAGSGAGAGSGAGAGSGAGAGGSVSYGAGRGYGQGAGSAASSVSSASSRSYDYSRRNVRKNCGIPRRQLVVKFRALPCVNCLELEHHHHHH,409,0.7312047357435504,0.1903,0.14108855702884696,0.4354,1.0,OK,,0.4443,pep_988471|Flex_GGGGSx1,0,29
con_0283,bottom,pep_078551,ATYKVKDSSVGK,0.4294,0.1888,0.30142439206441246,Flex_GGGGSx1,GGGGS,N,ATYKVKDSSVGKGGGGSMGLPTALVNFVDVNEARPVIDNGQLVSRALIDKVFELIDGADIPLYAQMMIQSVNDQANSGDAASQASAVVLAINAIAELANGIPGDACESAALVNAYAYAVSTGNSAGLRSALVKYVQRINANIDAIVRLVNSPLEFSTSAAVGAGAGSGAASGAGAGSGAGAGSGAGAGSGAGAGSGAGAGSGAGAGSGAGAGSGAGAGSGAGAGSGAGAGSGAGAGYGAGVGAGYGAGYGAGAGYGFGPYVANGGYSRREGYEYAWSSKSDFETGSGAASGAGAGAGSGAGAGSGAGAGSGAGAGSGAGAGGSVSYGAGRGYGQGAGSAASSVSSASSRSYDYSRRNVRKNCGIPRRQLVVKFRALPCVNCLELEHHHHHH,391,0.6803187796822946,0.3428,0.12838249030615898,0.4198,1.8157,OK,,0.4442,pep_078551|Flex_GGGGSx1,0,30
con_0258,bottom,pep_889620,TKQQQQQQQQSNSSSGVANNQK,0.4563,0.1715,0.2821580927480351,Flex_GGGGSx2,GGGGSGGGGS,Both,TKQQQQQQQQSNSSSGVANNQKGGGGSGGGGSMGLPTALVNFVDVNEARPVIDNGQLVSRALIDKVFELIDGADIPLYAQMMIQSVNDQANSGDAASQASAVVLAINAIAELANGIPGDACESAALVNAYAYAVSTGNSAGLRSALVKYVQRINANIDAIVRLVNSPLEFSTSAAVGAGAGSGAASGAGAGSGAGAGSGAGAGSGAGAGSGAGAGSGAGAGSGAGAGSGAGAGSGAGAGSGAGAGSGAGAGYGAGVGAGYGAGYGAGAGYGFGPYVANGGYSRREGYEYAWSSKSDFETGSGAASGAGAGAGSGAGAGSGAGAGSGAGAGSGAGAGGSVSYGAGRGYGQGAGSAASSVSSASSRSYDYSRRNVRKNCGIPRRQLVVKFRALPCVNCLEGGGGSGGGGSTKQQQQQQQQSNSSSGVANNQKGGGGSGGGGSLEHHHHHH,448,0.7081130810347208,0.2334,0.1452765704664801,0.4047,1.3609,OK,,0.441,pep_889620|Flex_GGGGSx2,0,31
con_0284,bottom,pep_078551,ATYKVKDSSVGK,0.4294,0.1888,0.30142439206441246,Flex_GGGGSx1,GGGGS,C,MGLPTALVNFVDVNEARPVIDNGQLVSRALIDKVFELIDGADIPLYAQMMIQSVNDQANSGDAASQASAVVLAINAIAELANGIPGDACESAALVNAYAYAVSTGNSAGLRSALVKYVQRINANIDAIVRLVNSPLEFSTSAAVGAGAGSGAASGAGAGSGAGAGSGAGAGSGAGAGSGAGAGSGAGAGSGAGAGSGAGAGSGAGAGSGAGAGSGAGAGYGAGVGAGYGAGYGAGAGYGFGPYVANGGYSRREGYEYAWSSKSDFETGSGAASGAGAGAGSGAGAGSGAGAGSGAGAGSGAGAGGSVSYGAGRGYGQGAGSAASSVSSASSRSYDYSRRNVRKNCGIPRRQLVVKFRALPCVNCLEGGGGSATYKVKDSSVGKGGGGSLEHHHHHH,396,0.6813860449819676,0.3217,0.13308199526685657,0.409,1.7039,OK,,0.4402,pep_078551|Flex_GGGGSx1,0,32
con_0288,bottom,pep_078551,ATYKVKDSSVGK,0.4294,0.1888,0.30142439206441246,Flex_GGGGSx2,GGGGSGGGGS,Both,ATYKVKDSSVGKGGGGSGGGGSMGLPTALVNFVDVNEARPVIDNGQLVSRALIDKVFELIDGADIPLYAQMMIQSVNDQANSGDAASQASAVVLAINAIAELANGIPGDACESAALVNAYAYAVSTGNSAGLRSALVKYVQRINANIDAIVRLVNSPLEFSTSAAVGAGAGSGAASGAGAGSGAGAGSGAGAGSGAGAGSGAGAGSGAGAGSGAGAGSGAGAGSGAGAGSGAGAGSGAGAGYGAGVGAGYGAGYGAGAGYGFGPYVANGGYSRREGYEYAWSSKSDFETGSGAASGAGAGAGSGAGAGSGAGAGSGAGAGSGAGAGGSVSYGAGRGYGQGAGSAASSVSSASSRSYDYSRRNVRKNCGIPRRQLVVKFRALPCVNCLEGGGGSGGGGSATYKVKDSSVGKGGGGSGGGGSLEHHHHHH,428,0.6973082458681936,0.2987,0.13511734689350857,0.3837,1.5821,OK,,0.4385,pep_078551|Flex_GGGGSx2,0,33
con_0287,bottom,pep_078551,ATYKVKDSSVGK,0.4294,0.1888,0.30142439206441246,Flex_GGGGSx2,GGGGSGGGGS,C,MGLPTALVNFVDVNEARPVIDNGQLVSRALIDKVFELIDGADIPLYAQMMIQSVNDQANSGDAASQASAVVLAINAIAELANGIPGDACESAALVNAYAYAVSTGNSAGLRSALVKYVQRINANIDAIVRLVNSPLEFSTSAAVGAGAGSGAASGAGAGSGAGAGSGAGAGSGAGAGSGAGAGSGAGAGSGAGAGSGAGAGSGAGAGSGAGAGSGAGAGYGAGVGAGYGAGYGAGAGYGFGPYVANGGYSRREGYEYAWSSKSDFETGSGAASGAGAGAGSGAGAGSGAGAGSGAGAGSGAGAGGSVSYGAGRGYGQGAGSAASSVSSASSRSYDYSRRNVRKNCGIPRRQLVVKFRALPCVNCLEGGGGSGGGGSATYKVKDSSVGKGGGGSGGGGSLEHHHHHH,406,0.6834363527549452,0.3217,0.13521598297185058,0.3493,1.7039,OK,,0.4379,pep_078551|Flex_GGGGSx2,0,34
con_0255,bottom,pep_889620,TKQQQQQQQQSNSSSGVANNQK,0.4563,0.1715,0.2821580927480351,Flex_GGGGSx1,GGGGS,Both,TKQQQQQQQQSNSSSGVANNQKGGGGSMGLPTALVNFVDVNEARPVIDNGQLVSRALIDKVFELIDGADIPLYAQMMIQSVNDQANSGDAASQASAVVLAINAIAELANGIPGDACESAALVNAYAYAVSTGNSAGLRSALVKYVQRINANIDAIVRLVNSPLEFSTSAAVGAGAGSGAASGAGAGSGAGAGSGAGAGSGAGAGSGAGAGSGAGAGSGAGAGSGAGAGSGAGAGSGAGAGSGAGAGYGAGVGAGYGAGYGAGAGYGFGPYVANGGYSRREGYEYAWSSKSDFETGSGAASGAGAGAGSGAGAGSGAGAGSGAGAGSGAGAGGSVSYGAGRGYGQGAGSAASSVSSASSRSYDYSRRNVRKNCGIPRRQLVVKFRALPCVNCLEGGGGSTKQQQQQQQQSNSSSGVANNQKGGGGSLEHHHHHH,433,0.7062623158256925,0.2229,0.14061554147330635,0.4044,1.2997,OK,,0.4379,pep_889620|Flex_GGGGSx1,0,35
con_0270,bottom,pep_608130,LVQQQEEEQQKQQSASSIVAAR,0.4543,0.1826,0.2500073316422376,Flex_GGGGSx2,GGGGSGGGGS,Both,LVQQQEEEQQKQQSASSIVAARGGGGSGGGGSMGLPTALVNFVDVNEARPVIDNGQLVSRALIDKVFELIDGADIPLYAQMMIQSVNDQANSGDAASQASAVVLAINAIAELANGIPGDACESAALVNAYAYAVSTGNSAGLRSALVKYVQRINANIDAIVRLVNSPLEFSTSAAVGAGAGSGAASGAGAGSGAGAGSGAGAGSGAGAGSGAGAGSGAGAGSGAGAGSGAGAGSGAGAGSGAGAGSGAGAGYGAGVGAGYGAGYGAGAGYGFGPYVANGGYSRREGYEYAWSSKSDFETGSGAASGAGAGAGSGAGAGSGAGAGSGAGAGSGAGAGGSVSYGAGRGYGQGAGSAASSVSSASSRSYDYSRRNVRKNCGIPRRQLVVKFRALPCVNCLEGGGGSGGGGSLVQQQEEEQQKQQSASSIVAARGGGGSGGGGSLEHHHHHH,448,0.7108686918965317,0.2016,0.13542874489545023,0.4453,1.1041,OK,,0.4356,pep_608130|Flex_GGGGSx2,0,36
con_0286,bottom,pep_078551,ATYKVKDSSVGK,0.4294,0.1888,0.30142439206441246,Flex_GGGGSx2,GGGGSGGGGS,N,ATYKVKDSSVGKGGGGSGGGGSMGLPTALVNFVDVNEARPVIDNGQLVSRALIDKVFELIDGADIPLYAQMMIQSVNDQANSGDAASQASAVVLAINAIAELANGIPGDACESAALVNAYAYAVSTGNSAGLRSALVKYVQRINANIDAIVRLVNSPLEFSTSAAVGAGAGSGAASGAGAGSGAGAGSGAGAGSGAGAGSGAGAGSGAGAGSGAGAGSGAGAGSGAGAGSGAGAGSGAGAGYGAGVGAGYGAGYGAGAGYGFGPYVANGGYSRREGYEYAWSSKSDFETGSGAASGAGAGAGSGAGAGSGAGAGSGAGAGSGAGAGGSVSYGAGRGYGQGAGSAASSVSSASSRSYDYSRRNVRKNCGIPRRQLVVKFRALPCVNCLELEHHHHHH,396,0.6813860449819723,0.2987,0.12947473948341653,0.3881,1.5821,OK,,0.4342,pep_078551|Flex_GGGGSx2,0,37
con_0245,bottom,pep_002974,AACEQLHQQQQQQQEETAAATLLLQGEEKG,0.3968,0.1594,0.2048147620757421,Flex_GGGGSx2,GGGGSGGGGS,C,MGLPTALVNFVDVNEARPVIDNGQLVSRALIDKVFELIDGADIPLYAQMMIQSVNDQANSGDAASQASAVVLAINAIAELANGIPGDACESAALVNAYAYAVSTGNSAGLRSALVKYVQRINANIDAIVRLVNSPLEFSTSAAVGAGAGSGAASGAGAGSGAGAGSGAGAGSGAGAGSGAGAGSGAGAGSGAGAGSGAGAGSGAGAGSGAGAGSGAGAGYGAGVGAGYGAGYGAGAGYGFGPYVANGGYSRREGYEYAWSSKSDFETGSGAASGAGAGAGSGAGAGSGAGAGSGAGAGSGAGAGGSVSYGAGRGYGQGAGSAASSVSSASSRSYDYSRRNVRKNCGIPRRQLVVKFRALPCVNCLEGGGGSGGGGSAACEQLHQQQQQQQEETAAATLLLQGEEKGGGGGSGGGGSLEHHHHHH,424,0.7072754486329466,0.3217,0.1417754737537284,0.3979,2.0182,OK,,0.434,pep_002974|Flex_GGGGSx2,0,38
con_0267,bottom,pep_608130,LVQQQEEEQQKQQSASSIVAAR,0.4543,0.1826,0.2500073316422376,Flex_GGGGSx1,GGGGS,Both,LVQQQEEEQQKQQSASSIVAARGGGGSMGLPTALVNFVDVNEARPVIDNGQLVSRALIDKVFELIDGADIPLYAQMMIQSVNDQANSGDAASQASAVVLAINAIAELANGIPGDACESAALVNAYAYAVSTGNSAGLRSALVKYVQRINANIDAIVRLVNSPLEFSTSAAVGAGAGSGAASGAGAGSGAGAGSGAGAGSGAGAGSGAGAGSGAGAGSGAGAGSGAGAGSGAGAGSGAGAGSGAGAGYGAGVGAGYGAGYGAGAGYGFGPYVANGGYSRREGYEYAWSSKSDFETGSGAASGAGAGAGSGAGAGSGAGAGSGAGAGSGAGAGGSVSYGAGRGYGQGAGSAASSVSSASSRSYDYSRRNVRKNCGIPRRQLVVKFRALPCVNCLEGGGGSLVQQQEEEQQKQQSASSIVAARGGGGSLEHHHHHH,433,0.7091237604592255,0.1926,0.13357185633470225,0.4485,1.0548,OK,,0.4333,pep_608130|Flex_GGGGSx1,0,39
con_0242,bottom,pep_002974,AACEQLHQQQQQQQEETAAATLLLQGEEKG,0.3968,0.1594,0.2048147620757421,Flex_GGGGSx1,GGGGS,C,MGLPTALVNFVDVNEARPVIDNGQLVSRALIDKVFELIDGADIPLYAQMMIQSVNDQANSGDAASQASAVVLAINAIAELANGIPGDACESAALVNAYAYAVSTGNSAGLRSALVKYVQRINANIDAIVRLVNSPLEFSTSAAVGAGAGSGAASGAGAGSGAGAGSGAGAGSGAGAGSGAGAGSGAGAGSGAGAGSGAGAGSGAGAGSGAGAGSGAGAGYGAGVGAGYGAGYGAGAGYGFGPYVANGGYSRREGYEYAWSSKSDFETGSGAASGAGAGAGSGAGAGSGAGAGSGAGAGSGAGAGGSVSYGAGRGYGQGAGSAASSVSSASSRSYDYSRRNVRKNCGIPRRQLVVKFRALPCVNCLEGGGGSAACEQLHQQQQQQQEETAAATLLLQGEEKGGGGGSLEHHHHHH,414,0.7059632359666718,0.3217,0.1378453324922329,0.3924,2.0182,OK,,0.433,pep_002974|Flex_GGGGSx1,0,40
con_0276,bottom,pep_1043856,YQQQQQQQKQAAAAAAAAAATAAW,0.4346,0.1861,0.2154905512308081,Flex_GGGGSx2,GGGGSGGGGS,Both,YQQQQQQQKQAAAAAAAAAATAAWGGGGSGGGGSMGLPTALVNFVDVNEARPVIDNGQLVSRALIDKVFELIDGADIPLYAQMMIQSVNDQANSGDAASQASAVVLAINAIAELANGIPGDACESAALVNAYAYAVSTGNSAGLRSALVKYVQRINANIDAIVRLVNSPLEFSTSAAVGAGAGSGAASGAGAGSGAGAGSGAGAGSGAGAGSGAGAGSGAGAGSGAGAGSGAGAGSGAGAGSGAGAGSGAGAGYGAGVGAGYGAGYGAGAGYGFGPYVANGGYSRREGYEYAWSSKSDFETGSGAASGAGAGAGSGAGAGSGAGAGSGAGAGSGAGAGGSVSYGAGRGYGQGAGSAASSVSSASSRSYDYSRRNVRKNCGIPRRQLVVKFRALPCVNCLEGGGGSGGGGSYQQQQQQQKQAAAAAAAAAATAAWGGGGSGGGGSLEHHHHHH,452,0.7127474087231809,0.2123,0.13138024745410126,0.4871,1.1408,OK,,0.432,pep_1043856|Flex_GGGGSx2,0,41
con_0273,bottom,pep_1043856,YQQQQQQQKQAAAAAAAAAATAAW,0.4346,0.1861,0.2154905512308081,Flex_GGGGSx1,GGGGS,Both,YQQQQQQQKQAAAAAAAAAATAAWGGGGSMGLPTALVNFVDVNEARPVIDNGQLVSRALIDKVFELIDGADIPLYAQMMIQSVNDQANSGDAASQASAVVLAINAIAELANGIPGDACESAALVNAYAYAVSTGNSAGLRSALVKYVQRINANIDAIVRLVNSPLEFSTSAAVGAGAGSGAASGAGAGSGAGAGSGAGAGSGAGAGSGAGAGSGAGAGSGAGAGSGAGAGSGAGAGSGAGAGSGAGAGYGAGVGAGYGAGYGAGAGYGFGPYVANGGYSRREGYEYAWSSKSDFETGSGAASGAGAGAGSGAGAGSGAGAGSGAGAGSGAGAGGSVSYGAGRGYGQGAGSAASSVSSASSRSYDYSRRNVRKNCGIPRRQLVVKFRALPCVNCLEGGGGSYQQQQQQQKQAAAAAAAAAATAAWGGGGSLEHHHHHH,437,0.7110897315607544,0.212,0.12894508165458657,0.4864,1.1392,OK,,0.4312,pep_1043856|Flex_GGGGSx1,0,42
con_0256,bottom,pep_889620,TKQQQQQQQQSNSSSGVANNQK,0.4563,0.1715,0.2821580927480351,Flex_GGGGSx2,GGGGSGGGGS,N,TKQQQQQQQQSNSSSGVANNQKGGGGSGGGGSMGLPTALVNFVDVNEARPVIDNGQLVSRALIDKVFELIDGADIPLYAQMMIQSVNDQANSGDAASQASAVVLAINAIAELANGIPGDACESAALVNAYAYAVSTGNSAGLRSALVKYVQRINANIDAIVRLVNSPLEFSTSAAVGAGAGSGAASGAGAGSGAGAGSGAGAGSGAGAGSGAGAGSGAGAGSGAGAGSGAGAGSGAGAGSGAGAGSGAGAGYGAGVGAGYGAGYGAGAGYGFGPYVANGGYSRREGYEYAWSSKSDFETGSGAASGAGAGAGSGAGAGSGAGAGSGAGAGSGAGAGGSVSYGAGRGYGQGAGSAASSVSSASSRSYDYSRRNVRKNCGIPRRQLVVKFRALPCVNCLELEHHHHHH,406,0.6879425961599173,0.2334,0.13402950055530213,0.3328,1.3609,OK,,0.4312,pep_889620|Flex_GGGGSx2,0,43
con_0247,bottom,pep_895244,TLQLLNQQEQEKEESSSEEEEEKAEERPR,0.4268,0.1645,0.2785443388696375,Flex_GGGGSx1,GGGGS,N,TLQLLNQQEQEKEESSSEEEEEKAEERPRGGGGSMGLPTALVNFVDVNEARPVIDNGQLVSRALIDKVFELIDGADIPLYAQMMIQSVNDQANSGDAASQASAVVLAINAIAELANGIPGDACESAALVNAYAYAVSTGNSAGLRSALVKYVQRINANIDAIVRLVNSPLEFSTSAAVGAGAGSGAASGAGAGSGAGAGSGAGAGSGAGAGSGAGAGSGAGAGSGAGAGSGAGAGSGAGAGSGAGAGSGAGAGYGAGVGAGYGAGYGAGAGYGFGPYVANGGYSRREGYEYAWSSKSDFETGSGAASGAGAGAGSGAGAGSGAGAGSGAGAGSGAGAGGSVSYGAGRGYGQGAGSAASSVSSASSRSYDYSRRNVRKNCGIPRRQLVVKFRALPCVNCLELEHHHHHH,408,0.7569575084922733,0.175,0.14084532762621985,0.4412,1.0638,OK,,0.4311,pep_895244|Flex_GGGGSx1,0,44
con_0250,bottom,pep_895244,TLQLLNQQEQEKEESSSEEEEEKAEERPR,0.4268,0.1645,0.2785443388696375,Flex_GGGGSx2,GGGGSGGGGS,N,TLQLLNQQEQEKEESSSEEEEEKAEERPRGGGGSGGGGSMGLPTALVNFVDVNEARPVIDNGQLVSRALIDKVFELIDGADIPLYAQMMIQSVNDQANSGDAASQASAVVLAINAIAELANGIPGDACESAALVNAYAYAVSTGNSAGLRSALVKYVQRINANIDAIVRLVNSPLEFSTSAAVGAGAGSGAASGAGAGSGAGAGSGAGAGSGAGAGSGAGAGSGAGAGSGAGAGSGAGAGSGAGAGSGAGAGSGAGAGYGAGVGAGYGAGYGAGAGYGFGPYVANGGYSRREGYEYAWSSKSDFETGSGAASGAGAGAGSGAGAGSGAGAGSGAGAGSGAGAGGSVSYGAGRGYGQGAGSAASSVSSASSRSYDYSRRNVRKNCGIPRRQLVVKFRALPCVNCLELEHHHHHH,413,0.7569757041401111,0.175,0.14018409232097084,0.4303,1.0638,OK,,0.4305,pep_895244|Flex_GGGGSx2,0,45
con_0253,bottom,pep_889620,TKQQQQQQQQSNSSSGVANNQK,0.4563,0.1715,0.2821580927480351,Flex_GGGGSx1,GGGGS,N,TKQQQQQQQQSNSSSGVANNQKGGGGSMGLPTALVNFVDVNEARPVIDNGQLVSRALIDKVFELIDGADIPLYAQMMIQSVNDQANSGDAASQASAVVLAINAIAELANGIPGDACESAALVNAYAYAVSTGNSAGLRSALVKYVQRINANIDAIVRLVNSPLEFSTSAAVGAGAGSGAASGAGAGSGAGAGSGAGAGSGAGAGSGAGAGSGAGAGSGAGAGSGAGAGSGAGAGSGAGAGSGAGAGYGAGVGAGYGAGYGAGAGYGFGPYVANGGYSRREGYEYAWSSKSDFETGSGAASGAGAGAGSGAGAGSGAGAGSGAGAGSGAGAGGSVSYGAGRGYGQGAGSAASSVSSASSRSYDYSRRNVRKNCGIPRRQLVVKFRALPCVNCLELEHHHHHH,401,0.6869949762796296,0.2229,0.13365498420101896,0.3456,1.2997,OK,,0.4295,pep_889620|Flex_GGGGSx1,0,46
con_0268,bottom,pep_608130,LVQQQEEEQQKQQSASSIVAAR,0.4543,0.1826,0.2500073316422376,Flex_GGGGSx2,GGGGSGGGGS,N,LVQQQEEEQQKQQSASSIVAARGGGGSGGGGSMGLPTALVNFVDVNEARPVIDNGQLVSRALIDKVFELIDGADIPLYAQMMIQSVNDQANSGDAASQASAVVLAINAIAELANGIPGDACESAALVNAYAYAVSTGNSAGLRSALVKYVQRINANIDAIVRLVNSPLEFSTSAAVGAGAGSGAASGAGAGSGAGAGSGAGAGSGAGAGSGAGAGSGAGAGSGAGAGSGAGAGSGAGAGSGAGAGSGAGAGYGAGVGAGYGAGYGAGAGYGFGPYVANGGYSRREGYEYAWSSKSDFETGSGAASGAGAGAGSGAGAGSGAGAGSGAGAGSGAGAGGSVSYGAGRGYGQGAGSAASSVSSASSRSYDYSRRNVRKNCGIPRRQLVVKFRALPCVNCLELEHHHHHH,406,0.6895239127751632,0.2016,0.13152304386784291,0.3488,1.1041,OK,,0.425,pep_608130|Flex_GGGGSx2,0,47
con_0265,bottom,pep_608130,LVQQQEEEQQKQQSASSIVAAR,0.4543,0.1826,0.2500073316422376,Flex_GGGGSx1,GGGGS,N,LVQQQEEEQQKQQSASSIVAARGGGGSMGLPTALVNFVDVNEARPVIDNGQLVSRALIDKVFELIDGADIPLYAQMMIQSVNDQANSGDAASQASAVVLAINAIAELANGIPGDACESAALVNAYAYAVSTGNSAGLRSALVKYVQRINANIDAIVRLVNSPLEFSTSAAVGAGAGSGAASGAGAGSGAGAGSGAGAGSGAGAGSGAGAGSGAGAGSGAGAGSGAGAGSGAGAGSGAGAGSGAGAGYGAGVGAGYGAGYGAGAGYGFGPYVANGGYSRREGYEYAWSSKSDFETGSGAASGAGAGAGSGAGAGSGAGAGSGAGAGSGAGAGGSVSYGAGRGYGQGAGSAASSVSSASSRSYDYSRRNVRKNCGIPRRQLVVKFRALPCVNCLELEHHHHHH,401,0.6885986432913014,0.1926,0.129881139921763,0.3773,1.0548,OK,,0.4242,pep_608130|Flex_GGGGSx1,0,48
con_0271,bottom,pep_1043856,YQQQQQQQKQAAAAAAAAAATAAW,0.4346,0.1861,0.2154905512308081,Flex_GGGGSx1,GGGGS,N,YQQQQQQQKQAAAAAAAAAATAAWGGGGSMGLPTALVNFVDVNEARPVIDNGQLVSRALIDKVFELIDGADIPLYAQMMIQSVNDQANSGDAASQASAVVLAINAIAELANGIPGDACESAALVNAYAYAVSTGNSAGLRSALVKYVQRINANIDAIVRLVNSPLEFSTSAAVGAGAGSGAASGAGAGSGAGAGSGAGAGSGAGAGSGAGAGSGAGAGSGAGAGSGAGAGSGAGAGSGAGAGSGAGAGYGAGVGAGYGAGYGAGAGYGFGPYVANGGYSRREGYEYAWSSKSDFETGSGAASGAGAGAGSGAGAGSGAGAGSGAGAGSGAGAGGSVSYGAGRGYGQGAGSAASSVSSASSRSYDYSRRNVRKNCGIPRRQLVVKFRALPCVNCLELEHHHHHH,403,0.6898114853695338,0.212,0.1269175069540665,0.386,1.1392,OK,,0.4207,pep_1043856|Flex_GGGGSx1,0,49
con_0274,bottom,pep_1043856,YQQQQQQQKQAAAAAAAAAATAAW,0.4346,0.1861,0.2154905512308081,Flex_GGGGSx2,GGGGSGGGGS,N,YQQQQQQQKQAAAAAAAAAATAAWGGGGSGGGGSMGLPTALVNFVDVNEARPVIDNGQLVSRALIDKVFELIDGADIPLYAQMMIQSVNDQANSGDAASQASAVVLAINAIAELANGIPGDACESAALVNAYAYAVSTGNSAGLRSALVKYVQRINANIDAIVRLVNSPLEFSTSAAVGAGAGSGAASGAGAGSGAGAGSGAGAGSGAGAGSGAGAGSGAGAGSGAGAGSGAGAGSGAGAGSGAGAGSGAGAGYGAGVGAGYGAGYGAGAGYGFGPYVANGGYSRREGYEYAWSSKSDFETGSGAASGAGAGAGSGAGAGSGAGAGSGAGAGSGAGAGGSVSYGAGRGYGQGAGSAASSVSSASSRSYDYSRRNVRKNCGIPRRQLVVKFRALPCVNCLELEHHHHHH,408,0.6907154241785123,0.2123,0.12827367789075508,0.3766,1.1408,OK,,0.4206,pep_1043856|Flex_GGGGSx2,0,50
con_0246,bottom,pep_002974,AACEQLHQQQQQQQEETAAATLLLQGEEKG,0.3968,0.1594,0.2048147620757421,Flex_GGGGSx2,GGGGSGGGGS,Both,AACEQLHQQQQQQQEETAAATLLLQGEEKGGGGGSGGGGSMGLPTALVNFVDVNEARPVIDNGQLVSRALIDKVFELIDGADIPLYAQMMIQSVNDQANSGDAASQASAVVLAINAIAELANGIPGDACESAALVNAYAYAVSTGNSAGLRSALVKYVQRINANIDAIVRLVNSPLEFSTSAAVGAGAGSGAASGAGAGSGAGAGSGAGAGSGAGAGSGAGAGSGAGAGSGAGAGSGAGAGSGAGAGSGAGAGSGAGAGYGAGVGAGYGAGYGAGAGYGFGPYVANGGYSRREGYEYAWSSKSDFETGSGAASGAGAGAGSGAGAGSGAGAGSGAGAGSGAGAGGSVSYGAGRGYGQGAGSAASSVSSASSRSYDYSRRNVRKNCGIPRRQLVVKFRALPCVNCLEGGGGSGGGGSAACEQLHQQQQQQQEETAAATLLLQGEEKGGGGGSGGGGSLEHHHHHH,464,0.7379275467968368,0.1594,0.14436049219220876,0.4559,1.0,OK,,0.4123,pep_002974|Flex_GGGGSx2,0,51
con_0260,bottom,pep_206019,EGCNILCLLKRKVKAVKNVVKNVVKSVVG,0.3543,0.1822,0.19697753003445165,Flex_GGGGSx1,GGGGS,C,MGLPTALVNFVDVNEARPVIDNGQLVSRALIDKVFELIDGADIPLYAQMMIQSVNDQANSGDAASQASAVVLAINAIAELANGIPGDACESAALVNAYAYAVSTGNSAGLRSALVKYVQRINANIDAIVRLVNSPLEFSTSAAVGAGAGSGAASGAGAGSGAGAGSGAGAGSGAGAGSGAGAGSGAGAGSGAGAGSGAGAGSGAGAGSGAGAGSGAGAGYGAGVGAGYGAGYGAGAGYGFGPYVANGGYSRREGYEYAWSSKSDFETGSGAASGAGAGAGSGAGAGSGAGAGSGAGAGSGAGAGGSVSYGAGRGYGQGAGSAASSVSSASSRSYDYSRRNVRKNCGIPRRQLVVKFRALPCVNCLEGGGGSEGCNILCLLKRKVKAVKNVVKNVVKSVVGGGGGSLEHHHHHH,413,0.6650042542031045,0.3217,0.13934525861867114,0.5076,1.7656,OK,,0.4116,pep_206019|Flex_GGGGSx1,0,52
con_0243,bottom,pep_002974,AACEQLHQQQQQQQEETAAATLLLQGEEKG,0.3968,0.1594,0.2048147620757421,Flex_GGGGSx1,GGGGS,Both,AACEQLHQQQQQQQEETAAATLLLQGEEKGGGGGSMGLPTALVNFVDVNEARPVIDNGQLVSRALIDKVFELIDGADIPLYAQMMIQSVNDQANSGDAASQASAVVLAINAIAELANGIPGDACESAALVNAYAYAVSTGNSAGLRSALVKYVQRINANIDAIVRLVNSPLEFSTSAAVGAGAGSGAASGAGAGSGAGAGSGAGAGSGAGAGSGAGAGSGAGAGSGAGAGSGAGAGSGAGAGSGAGAGSGAGAGYGAGVGAGYGAGYGAGAGYGFGPYVANGGYSRREGYEYAWSSKSDFETGSGAASGAGAGAGSGAGAGSGAGAGSGAGAGSGAGAGGSVSYGAGRGYGQGAGSAASSVSSASSRSYDYSRRNVRKNCGIPRRQLVVKFRALPCVNCLEGGGGSAACEQLHQQQQQQQEETAAATLLLQGEEKGGGGGSLEHHHHHH,449,0.7372226172132111,0.1594,0.13848036076201495,0.438,1.0,OK,,0.4107,pep_002974|Flex_GGGGSx1,0,53
con_0263,bottom,pep_206019,EGCNILCLLKRKVKAVKNVVKNVVKSVVG,0.3543,0.1822,0.19697753003445165,Flex_GGGGSx2,GGGGSGGGGS,C,MGLPTALVNFVDVNEARPVIDNGQLVSRALIDKVFELIDGADIPLYAQMMIQSVNDQANSGDAASQASAVVLAINAIAELANGIPGDACESAALVNAYAYAVSTGNSAGLRSALVKYVQRINANIDAIVRLVNSPLEFSTSAAVGAGAGSGAASGAGAGSGAGAGSGAGAGSGAGAGSGAGAGSGAGAGSGAGAGSGAGAGSGAGAGSGAGAGSGAGAGYGAGVGAGYGAGYGAGAGYGFGPYVANGGYSRREGYEYAWSSKSDFETGSGAASGAGAGAGSGAGAGSGAGAGSGAGAGSGAGAGGSVSYGAGRGYGQGAGSAASSVSSASSRSYDYSRRNVRKNCGIPRRQLVVKFRALPCVNCLEGGGGSGGGGSEGCNILCLLKRKVKAVKNVVKNVVKSVVGGGGGSGGGGSLEHHHHHH,423,0.667414957450508,0.3217,0.14049328800475766,0.4702,1.7656,OK,,0.4105,pep_206019|Flex_GGGGSx2,0,54
con_0241,bottom,pep_002974,AACEQLHQQQQQQQEETAAATLLLQGEEKG,0.3968,0.1594,0.2048147620757421,Flex_GGGGSx1,GGGGS,N,AACEQLHQQQQQQQEETAAATLLLQGEEKGGGGGSMGLPTALVNFVDVNEARPVIDNGQLVSRALIDKVFELIDGADIPLYAQMMIQSVNDQANSGDAASQASAVVLAINAIAELANGIPGDACESAALVNAYAYAVSTGNSAGLRSALVKYVQRINANIDAIVRLVNSPLEFSTSAAVGAGAGSGAASGAGAGSGAGAGSGAGAGSGAGAGSGAGAGSGAGAGSGAGAGSGAGAGSGAGAGSGAGAGSGAGAGYGAGVGAGYGAGYGAGAGYGFGPYVANGGYSRREGYEYAWSSKSDFETGSGAASGAGAGAGSGAGAGSGAGAGSGAGAGSGAGAGGSVSYGAGRGYGQGAGSAASSVSSASSRSYDYSRRNVRKNCGIPRRQLVVKFRALPCVNCLELEHHHHHH,409,0.705281718118733,0.1594,0.13319583618261996,0.394,1.0,OK,,0.3999,pep_002974|Flex_GGGGSx1,0,55
con_0244,bottom,pep_002974,AACEQLHQQQQQQQEETAAATLLLQGEEKG,0.3968,0.1594,0.2048147620757421,Flex_GGGGSx2,GGGGSGGGGS,N,AACEQLHQQQQQQQEETAAATLLLQGEEKGGGGGSGGGGSMGLPTALVNFVDVNEARPVIDNGQLVSRALIDKVFELIDGADIPLYAQMMIQSVNDQANSGDAASQASAVVLAINAIAELANGIPGDACESAALVNAYAYAVSTGNSAGLRSALVKYVQRINANIDAIVRLVNSPLEFSTSAAVGAGAGSGAASGAGAGSGAGAGSGAGAGSGAGAGSGAGAGSGAGAGSGAGAGSGAGAGSGAGAGSGAGAGSGAGAGYGAGVGAGYGAGYGAGAGYGFGPYVANGGYSRREGYEYAWSSKSDFETGSGAASGAGAGAGSGAGAGSGAGAGSGAGAGSGAGAGGSVSYGAGRGYGQGAGSAASSVSSASSRSYDYSRRNVRKNCGIPRRQLVVKFRALPCVNCLELEHHHHHH,414,0.7059632359666718,0.1594,0.13390892923670114,0.3865,1.0,OK,,0.3998,pep_002974|Flex_GGGGSx2,0,56
con_0264,bottom,pep_206019,EGCNILCLLKRKVKAVKNVVKNVVKSVVG,0.3543,0.1822,0.19697753003445165,Flex_GGGGSx2,GGGGSGGGGS,Both,EGCNILCLLKRKVKAVKNVVKNVVKSVVGGGGGSGGGGSMGLPTALVNFVDVNEARPVIDNGQLVSRALIDKVFELIDGADIPLYAQMMIQSVNDQANSGDAASQASAVVLAINAIAELANGIPGDACESAALVNAYAYAVSTGNSAGLRSALVKYVQRINANIDAIVRLVNSPLEFSTSAAVGAGAGSGAASGAGAGSGAGAGSGAGAGSGAGAGSGAGAGSGAGAGSGAGAGSGAGAGSGAGAGSGAGAGSGAGAGYGAGVGAGYGAGYGAGAGYGFGPYVANGGYSRREGYEYAWSSKSDFETGSGAASGAGAGAGSGAGAGSGAGAGSGAGAGSGAGAGGSVSYGAGRGYGQGAGSAASSVSSASSRSYDYSRRNVRKNCGIPRRQLVVKFRALPCVNCLEGGGGSGGGGSEGCNILCLLKRKVKAVKNVVKNVVKSVVGGGGGSGGGGSLEHHHHHH,462,0.6672760882067688,0.1982,0.13914217939398763,0.4784,1.0878,OK,,0.386,pep_206019|Flex_GGGGSx2,0,57
con_0259,bottom,pep_206019,EGCNILCLLKRKVKAVKNVVKNVVKSVVG,0.3543,0.1822,0.19697753003445165,Flex_GGGGSx1,GGGGS,N,EGCNILCLLKRKVKAVKNVVKNVVKSVVGGGGGSMGLPTALVNFVDVNEARPVIDNGQLVSRALIDKVFELIDGADIPLYAQMMIQSVNDQANSGDAASQASAVVLAINAIAELANGIPGDACESAALVNAYAYAVSTGNSAGLRSALVKYVQRINANIDAIVRLVNSPLEFSTSAAVGAGAGSGAASGAGAGSGAGAGSGAGAGSGAGAGSGAGAGSGAGAGSGAGAGSGAGAGSGAGAGSGAGAGSGAGAGYGAGVGAGYGAGYGAGAGYGFGPYVANGGYSRREGYEYAWSSKSDFETGSGAASGAGAGAGSGAGAGSGAGAGSGAGAGSGAGAGGSVSYGAGRGYGQGAGSAASSVSSASSRSYDYSRRNVRKNCGIPRRQLVVKFRALPCVNCLELEHHHHHH,408,0.6637511819347033,0.1982,0.13198808973253356,0.5026,1.0878,OK,,0.3856,pep_206019|Flex_GGGGSx1,0,58
con_0261,bottom,pep_206019,EGCNILCLLKRKVKAVKNVVKNVVKSVVG,0.3543,0.1822,0.19697753003445165,Flex_GGGGSx1,GGGGS,Both,EGCNILCLLKRKVKAVKNVVKNVVKSVVGGGGGSMGLPTALVNFVDVNEARPVIDNGQLVSRALIDKVFELIDGADIPLYAQMMIQSVNDQANSGDAASQASAVVLAINAIAELANGIPGDACESAALVNAYAYAVSTGNSAGLRSALVKYVQRINANIDAIVRLVNSPLEFSTSAAVGAGAGSGAASGAGAGSGAGAGSGAGAGSGAGAGSGAGAGSGAGAGSGAGAGSGAGAGSGAGAGSGAGAGSGAGAGYGAGVGAGYGAGYGAGAGYGFGPYVANGGYSRREGYEYAWSSKSDFETGSGAASGAGAGAGSGAGAGSGAGAGSGAGAGSGAGAGGSVSYGAGRGYGQGAGSAASSVSSASSRSYDYSRRNVRKNCGIPRRQLVVKFRALPCVNCLEGGGGSEGCNILCLLKRKVKAVKNVVKNVVKSVVGGGGGSLEHHHHHH,447,0.6639273875192856,0.1982,0.1366192980746528,0.4918,1.0878,OK,,0.3856,pep_206019|Flex_GGGGSx1,0,59
con_0262,bottom,pep_206019,EGCNILCLLKRKVKAVKNVVKNVVKSVVG,0.3543,0.1822,0.19697753003445165,Flex_GGGGSx2,GGGGSGGGGS,N,EGCNILCLLKRKVKAVKNVVKNVVKSVVGGGGGSGGGGSMGLPTALVNFVDVNEARPVIDNGQLVSRALIDKVFELIDGADIPLYAQMMIQSVNDQANSGDAASQASAVVLAINAIAELANGIPGDACESAALVNAYAYAVSTGNSAGLRSALVKYVQRINANIDAIVRLVNSPLEFSTSAAVGAGAGSGAASGAGAGSGAGAGSGAGAGSGAGAGSGAGAGSGAGAGSGAGAGSGAGAGSGAGAGSGAGAGSGAGAGYGAGVGAGYGAGYGAGAGYGFGPYVANGGYSRREGYEYAWSSKSDFETGSGAASGAGAGAGSGAGAGSGAGAGSGAGAGSGAGAGGSVSYGAGRGYGQGAGSAASSVSSASSRSYDYSRRNVRKNCGIPRRQLVVKFRALPCVNCLELEHHHHHH,413,0.6650042542031045,0.1982,0.13238566454057976,0.4831,1.0878,OK,,0.385,pep_206019|Flex_GGGGSx2,0,60
