peptide_id,sequence,length,source,anoxpepred,anoxpepred_label,toxinpred3,toxinpred3_label,algpred2,algpred2_label,weighted_score,missing_services,safety_flag
pep_279006,FLGQQQPFPPQQPYPQPQPFPSQQPY,26,function_2,0.5263,Antioxidant,,,0.731,Allergen,0.4834,,algpred2:danger(0.731)
pep_545840,LGQQQPFPPQQPYPQPQPFPSQQPY,25,function_2,0.5157,Antioxidant,,,0.731,Allergen,0.4746,,algpred2:danger(0.731)
pep_009584,AATPPPPPPPK,11,function_2,0.4957,Non-antioxidant,,,0.713,Allergen,0.4609,,algpred2:danger(0.713)
pep_279005,FLGQQQPFPPQQPYPQPQPFPSQQP,25,function_2,0.5163,Antioxidant,,,0.816,Allergen,0.4609,,algpred2:danger(0.816)
pep_501998,KTAATAAAAAAEPPAPPPPPPPEED,25,function_2,0.4905,Non-antioxidant,,,0.743,Allergen,0.4516,,algpred2:danger(0.743)
pep_286708,FPPPPPQP,8,function_2,0.4909,Non-antioxidant,,,0.757,Allergen,0.4496,,algpred2:danger(0.757)
pep_469246,KELPAPPAPPPASAPTPE,18,function_2,0.4749,Non-antioxidant,,,0.736,Allergen,0.4397,,algpred2:danger(0.736)
pep_074883,ATEHPEPPKAE,11,function_2,0.4499,Non-antioxidant,,,0.725,Allergen,0.4208,,algpred2:danger(0.725)
pep_401520,IALPATEIVPGGEFFDFESK,20,function_2,0.4412,Non-antioxidant,,,0.701,Allergen,0.4175,,algpred2:danger(0.701)
pep_000588,PPQ,3,function_1,0.4141,Non-antioxidant,,,0.702,Allergen,0.3948,,algpred2:danger(0.702)
pep_224199,ELPAPPAPPPASAPTPEK,18,function_2,0.4186,Non-antioxidant,,,0.736,Allergen,0.3928,,algpred2:danger(0.736)
pep_016617,AEASKEAEPEPEPEPE,16,function_2,0.4092,Non-antioxidant,,,0.712,Allergen,0.389,,algpred2:danger(0.712)
pep_460019,KAFGPGLEPTGCIVDKPAE,19,function_2,0.4076,Non-antioxidant,,,0.705,Allergen,0.3888,,algpred2:danger(0.705)
pep_680845,PAPAPAPAPEAPK,13,function_2,0.4075,Non-antioxidant,,,0.748,Allergen,0.3816,,algpred2:danger(0.748)
pep_077545,ATSDAVPPAEAKPEPVPA,18,function_2,0.4056,Non-antioxidant,,,0.759,Allergen,0.3782,,algpred2:danger(0.759)
pep_680844,PAPAPAPAPAPEAPK,15,function_2,0.3992,Non-antioxidant,,,0.732,Allergen,0.3773,,algpred2:danger(0.732)
pep_277105,FKVETVDYLPGDEAGIK,17,function_2,0.3946,Non-antioxidant,,,0.72,Allergen,0.3755,,algpred2:danger(0.720)
pep_707054,PVPEPAPTPK,10,function_2,0.3943,Non-antioxidant,,,0.719,Allergen,0.3754,,algpred2:danger(0.719)
pep_083629,AVPEAPTPVPK,11,function_2,0.3946,Non-antioxidant,,,0.737,Allergen,0.3727,,algpred2:danger(0.737)
pep_196001,EEAPPAK,7,function_2,0.3902,Non-antioxidant,,,0.715,Allergen,0.3727,,algpred2:danger(0.715)
pep_680843,PAPAPAPAPAPAPAKPKEE,19,function_2,0.3897,Non-antioxidant,,,0.731,Allergen,0.3696,,algpred2:danger(0.731)
pep_938569,VEFAPAFFK,9,function_2,0.3873,Non-antioxidant,,,0.72,Allergen,0.3694,,algpred2:danger(0.720)
pep_377485,HHPHFTPAAEVK,12,function_2,0.3811,Non-antioxidant,,,0.702,Allergen,0.3673,,algpred2:danger(0.702)
pep_938886,VEGFPTIYFAPSGDKK,16,function_2,0.3851,Non-antioxidant,,,0.722,Allergen,0.3673,,algpred2:danger(0.722)
pep_684088,PEAPTPVPK,9,function_2,0.3826,Non-antioxidant,,,0.719,Allergen,0.3657,,algpred2:danger(0.719)
pep_681623,PATPAPAPK,9,function_2,0.3778,Non-antioxidant,,,0.704,Allergen,0.3642,,algpred2:danger(0.704)
pep_723524,QHQVPPQQPPQQQQQQQPPPSPQQHQLF,28,function_2,0.3889,Non-antioxidant,,,0.762,Allergen,0.3638,,algpred2:danger(0.762)
pep_682489,PDAKVEEEPEEEPEETAE,18,function_2,0.3839,Non-antioxidant,,,0.747,Allergen,0.3621,,algpred2:danger(0.747)
pep_058272,APAPAPAPEAPK,12,function_2,0.3842,Non-antioxidant,,,0.754,Allergen,0.3612,,algpred2:danger(0.754)
pep_018104,AEFAPFEK,8,function_2,0.3736,Non-antioxidant,,,0.705,Allergen,0.3605,,algpred2:danger(0.705)
pep_870944,TEEEPAEK,8,function_2,0.3758,Non-antioxidant,,,0.721,Allergen,0.3597,,algpred2:danger(0.721)
pep_1043104,YQGPPPPQQQQQQQPQQQQF,20,function_2,0.3779,Non-antioxidant,,,0.734,Allergen,0.3593,,algpred2:danger(0.734)
pep_904467,TPVEEAYAYK,10,function_2,0.3745,Non-antioxidant,,,0.72,Allergen,0.3588,,algpred2:danger(0.720)
pep_993945,VVAVETEAPVVTK,13,function_2,0.3703,Non-antioxidant,,,0.709,Allergen,0.3571,,algpred2:danger(0.709)
pep_074498,ATDFVVPGAGKLEIK,15,function_2,0.3752,Non-antioxidant,,,0.734,Allergen,0.357,,algpred2:danger(0.734)
pep_462719,KAVPEAPTPVP,11,function_2,0.3745,Non-antioxidant,,,0.737,Allergen,0.3559,,algpred2:danger(0.737)
pep_901899,TPEVAAPPVK,10,function_2,0.3713,Non-antioxidant,,,0.723,Allergen,0.3556,,algpred2:danger(0.723)
pep_058001,APAAAPPAEK,10,function_2,0.3715,Non-antioxidant,,,0.727,Allergen,0.3551,,algpred2:danger(0.727)
pep_108253,DAKVEEEPEEEPEETAE,17,function_2,0.3774,Non-antioxidant,,,0.762,Allergen,0.3542,,algpred2:danger(0.762)
pep_864202,TAPEFPEFATK,11,function_2,0.3662,Non-antioxidant,,,0.706,Allergen,0.3542,,algpred2:danger(0.706)
pep_930358,VATETPAAPK,10,function_2,0.37,Non-antioxidant,,,0.726,Allergen,0.354,,algpred2:danger(0.726)
pep_865283,TATPAPVEK,9,function_2,0.3661,Non-antioxidant,,,0.707,Allergen,0.3539,,algpred2:danger(0.707)
pep_403722,ICAENKYGVGDPVFTEPAIAK,21,function_2,0.3679,Non-antioxidant,,,0.717,Allergen,0.3538,,algpred2:danger(0.717)
pep_925363,VAAPEPEK,8,function_2,0.3687,Non-antioxidant,,,0.722,Allergen,0.3536,,algpred2:danger(0.722)
pep_817510,SIQPQQQQQQQQQQQPLHP,19,function_2,0.3681,Non-antioxidant,,,0.724,Allergen,0.3528,,algpred2:danger(0.724)
pep_684124,PEATAPPEE,9,function_2,0.3657,Non-antioxidant,,,0.713,Allergen,0.3526,,algpred2:danger(0.713)
pep_678925,PAAAPPAEK,9,function_2,0.3663,Non-antioxidant,,,0.723,Allergen,0.3514,,algpred2:danger(0.723)
pep_679114,PAAPAPVEK,9,function_2,0.3656,Non-antioxidant,,,0.733,Allergen,0.3492,,algpred2:danger(0.733)
pep_244596,ETHEAAPVK,9,function_2,0.3651,Non-antioxidant,,,0.731,Allergen,0.3491,,algpred2:danger(0.731)
pep_601191,LTQQQQQQQQQQQPF,15,function_2,0.3656,Non-antioxidant,,,0.735,Allergen,0.3488,,algpred2:danger(0.735)
pep_469991,KEPVEAAPAAEPVPAST,17,function_2,0.3687,Non-antioxidant,,,0.757,Allergen,0.3478,,algpred2:danger(0.757)
pep_113554,DDFLGAAEGK,10,function_2,0.3572,Non-antioxidant,,,0.71,Allergen,0.346,,algpred2:danger(0.710)
pep_679113,PAAPAPAEK,9,function_2,0.3597,Non-antioxidant,,,0.723,Allergen,0.3459,,algpred2:danger(0.723)
pep_233521,EPPTAEK,7,function_2,0.356,Non-antioxidant,,,0.707,Allergen,0.3455,,algpred2:danger(0.707)
pep_000169,CGA,3,function_1,0.3607,Non-antioxidant,,,0.735,Allergen,0.3448,,algpred2:danger(0.735)
pep_062067,APVEPATPAVK,11,function_2,0.3607,Non-antioxidant,,,0.735,Allergen,0.3448,,algpred2:danger(0.735)
pep_017342,AEEAPEK,7,function_2,0.3576,Non-antioxidant,,,0.722,Allergen,0.3443,,algpred2:danger(0.722)
pep_901984,TPFEAAPTEVPEK,13,function_2,0.356,Non-antioxidant,,,0.715,Allergen,0.3442,,algpred2:danger(0.715)
pep_459818,KAEPTAAPHPV,11,function_2,0.3557,Non-antioxidant,,,0.718,Allergen,0.3434,,algpred2:danger(0.718)
pep_106496,DAEEAAPEEK,10,function_2,0.3581,Non-antioxidant,,,0.731,Allergen,0.3432,,algpred2:danger(0.731)
pep_737984,QQPQQQQPQQQQQVL,15,function_2,0.35,Non-antioxidant,,,0.702,Allergen,0.3413,,algpred2:danger(0.702)
pep_870299,TEAPAEPLEPVK,12,function_2,0.3558,Non-antioxidant,,,0.733,Allergen,0.341,,algpred2:danger(0.733)
pep_458913,KAAAPAPEEE,10,function_2,0.361,Non-antioxidant,,,0.763,Allergen,0.3403,,algpred2:danger(0.763)
pep_017826,AEEPAAK,7,function_2,0.3523,Non-antioxidant,,,0.722,Allergen,0.3399,,algpred2:danger(0.722)
pep_020793,AEPATPVVK,9,function_2,0.352,Non-antioxidant,,,0.723,Allergen,0.3395,,algpred2:danger(0.723)
pep_243526,ETATPAPVEK,10,function_2,0.3587,Non-antioxidant,,,0.761,Allergen,0.3388,,algpred2:danger(0.761)
pep_007539,AAPAAAPPAEK,11,function_2,0.3537,Non-antioxidant,,,0.742,Allergen,0.3377,,algpred2:danger(0.742)
pep_022324,AEVEEEAPPK,10,function_2,0.3615,Non-antioxidant,,,0.781,Allergen,0.3377,,algpred2:danger(0.781)
pep_937101,VEAEPAEVPEK,11,function_2,0.351,Non-antioxidant,,,0.729,Allergen,0.3377,,algpred2:danger(0.729)
pep_184592,EAAATAPVAYAAPVTK,16,function_2,0.3535,Non-antioxidant,,,0.742,Allergen,0.3376,,algpred2:danger(0.742)
pep_260250,FDADTGAELK,10,function_2,0.3474,Non-antioxidant,,,0.723,Allergen,0.3357,,algpred2:danger(0.723)
pep_861330,TAAPAPVEK,9,function_2,0.3614,Non-antioxidant,,,0.793,Allergen,0.3357,,algpred2:danger(0.793)
pep_802768,SETAPAETTAPAPVEK,16,function_2,0.3436,Non-antioxidant,,,0.706,Allergen,0.3353,,algpred2:danger(0.706)
pep_901407,TPEAPAK,7,function_2,0.3484,Non-antioxidant,,,0.74,Allergen,0.3337,,algpred2:danger(0.740)
pep_904465,TPVEEAPK,8,function_2,0.3447,Non-antioxidant,,,0.723,Allergen,0.3334,,algpred2:danger(0.723)
pep_082445,AVLDEFTAPAEK,12,function_2,0.3408,Non-antioxidant,,,0.706,Allergen,0.333,,algpred2:danger(0.706)
pep_266454,FFDAGAAEFLTSK,13,function_2,0.3424,Non-antioxidant,,,0.714,Allergen,0.333,,algpred2:danger(0.714)
pep_061893,APTPEAK,7,function_2,0.3473,Non-antioxidant,,,0.74,Allergen,0.3327,,algpred2:danger(0.740)
pep_916695,TVCAGGCA,8,function_2,0.3395,Non-antioxidant,,,0.702,Allergen,0.3326,,algpred2:danger(0.702)
pep_074041,ATAFPAEVK,9,function_2,0.3507,Non-antioxidant,,,0.76,Allergen,0.3322,,algpred2:danger(0.760)
pep_027850,AGDFTPAAEIVK,12,function_2,0.3421,Non-antioxidant,,,0.72,Allergen,0.3318,,algpred2:danger(0.720)
pep_492894,KPAPVPAEP,9,function_2,0.3447,Non-antioxidant,,,0.733,Allergen,0.3318,,algpred2:danger(0.733)
pep_901562,TPEEPVAK,8,function_2,0.3427,Non-antioxidant,,,0.723,Allergen,0.3318,,algpred2:danger(0.723)
pep_062245,APVPAEAPK,9,function_2,0.3442,Non-antioxidant,,,0.733,Allergen,0.3313,,algpred2:danger(0.733)
pep_021936,AETATPAPVEK,11,function_2,0.3535,Non-antioxidant,,,0.78,Allergen,0.3312,,algpred2:danger(0.780)
pep_107029,DAFLGAEEAK,10,function_2,0.3401,Non-antioxidant,,,0.714,Allergen,0.3311,,algpred2:danger(0.714)
pep_243498,ETASATCPVVHKDGIDLAGFK,21,function_2,0.3495,Non-antioxidant,,,0.762,Allergen,0.3309,,algpred2:danger(0.762)
pep_016509,AEAPEPTK,8,function_2,0.3536,Non-antioxidant,,,0.787,Allergen,0.3302,,algpred2:danger(0.787)
pep_041899,AKVEEEPEEEPEETAE,16,function_2,0.356,Non-antioxidant,,,0.799,Allergen,0.3302,,algpred2:danger(0.799)
pep_682793,PDFGSPVIEGTKPAYK,16,function_2,0.3438,Non-antioxidant,,,0.738,Allergen,0.3302,,algpred2:danger(0.738)
pep_679019,PAAHETVAK,9,function_2,0.3368,Non-antioxidant,,,0.704,Allergen,0.33,,algpred2:danger(0.704)
pep_380264,HKTPVEEVPAAIAPF,15,function_2,0.3356,Non-antioxidant,,,0.7,Allergen,0.3297,,algpred2:danger(0.700)
pep_105870,DAAPEEEEEAPAK,13,function_2,0.35,Non-antioxidant,,,0.774,Allergen,0.3293,,algpred2:danger(0.774)
pep_004360,AAFAPAAAEPK,11,function_2,0.3434,Non-antioxidant,,,0.747,Allergen,0.3283,,algpred2:danger(0.747)
pep_003740,AAEEKEEEPEAEEEEVAAK,19,function_2,0.3451,Non-antioxidant,,,0.757,Allergen,0.3281,,algpred2:danger(0.757)
pep_260341,FDAPPEAVAAK,11,function_2,0.3425,Non-antioxidant,,,0.745,Allergen,0.3279,,algpred2:danger(0.745)
pep_802766,SETAPAETAAPAPVEK,16,function_2,0.3493,Non-antioxidant,,,0.779,Allergen,0.3279,,algpred2:danger(0.779)
pep_021929,AETAPAPAPVK,11,function_2,0.3568,Non-antioxidant,,,0.819,Allergen,0.3275,,algpred2:danger(0.819)
pep_080717,AVETEAPVVTK,11,function_2,0.3367,Non-antioxidant,,,0.72,Allergen,0.3272,,algpred2:danger(0.720)
pep_862566,TAFVKPAFEEF,11,function_2,0.3503,Non-antioxidant,,,0.789,Allergen,0.3271,,algpred2:danger(0.789)
pep_005400,AAHAPPVATEPAK,13,function_2,0.3394,Non-antioxidant,,,0.735,Allergen,0.327,,algpred2:danger(0.735)
pep_200675,EEPVAAPEPK,10,function_2,0.3478,Non-antioxidant,,,0.777,Allergen,0.327,,algpred2:danger(0.777)
pep_738494,QQQQQQQQQQQQQPQQPQVL,20,function_2,0.3327,Non-antioxidant,,,0.704,Allergen,0.3266,,algpred2:danger(0.704)
pep_003765,AAEEPVK,7,function_2,0.3319,Non-antioxidant,,,0.701,Allergen,0.3264,,algpred2:danger(0.701)
pep_001906,AAAAPEVPK,9,function_2,0.3356,Non-antioxidant,,,0.734,Allergen,0.324,,algpred2:danger(0.734)
pep_086150,AVVTEPAK,8,function_2,0.3298,Non-antioxidant,,,0.705,Allergen,0.324,,algpred2:danger(0.705)
pep_680892,PAPETEK,7,function_2,0.3302,Non-antioxidant,,,0.707,Allergen,0.324,,algpred2:danger(0.707)
pep_061985,APVAAPFDPTK,11,function_2,0.3309,Non-antioxidant,,,0.711,Allergen,0.3239,,algpred2:danger(0.711)
pep_016066,AEAAPPEEEEEEK,13,function_2,0.3488,Non-antioxidant,,,0.802,Allergen,0.3237,,algpred2:danger(0.802)
pep_074086,ATAIFFLPDEGK,12,function_2,0.3331,Non-antioxidant,,,0.725,Allergen,0.3234,,algpred2:danger(0.725)
pep_679696,PAFAEFEK,8,function_2,0.3289,Non-antioxidant,,,0.705,Allergen,0.3233,,algpred2:danger(0.705)
pep_916358,TVAEEFATKPEEAK,14,function_2,0.3315,Non-antioxidant,,,0.72,Allergen,0.3229,,algpred2:danger(0.720)
pep_184895,EAALGAGFSDK,11,function_2,0.3384,Non-antioxidant,,,0.755,Allergen,0.3228,,algpred2:danger(0.755)
pep_188892,EAPAEAPK,8,function_2,0.3314,Non-antioxidant,,,0.721,Allergen,0.3227,,algpred2:danger(0.721)
pep_002101,AAAEPAEAK,9,function_2,0.3378,Non-antioxidant,,,0.755,Allergen,0.3223,,algpred2:danger(0.755)
pep_269437,FGFDLPAVEAATK,13,function_2,0.3279,Non-antioxidant,,,0.706,Allergen,0.3223,,algpred2:danger(0.706)
pep_901521,TPEELAAEAEAEEEDEITK,19,function_2,0.3379,Non-antioxidant,,,0.756,Allergen,0.3222,,algpred2:danger(0.756)
pep_020791,AEPATPAEAA,10,function_2,0.3275,Non-antioxidant,,,0.708,Allergen,0.3216,,algpred2:danger(0.708)
pep_185587,EAEAEPAK,8,function_2,0.3313,Non-antioxidant,,,0.728,Allergen,0.3214,,algpred2:danger(0.728)
pep_889388,TKPAPAE,7,function_2,0.3336,Non-antioxidant,,,0.74,Allergen,0.3213,,algpred2:danger(0.740)
pep_021928,AETAPAPAPAK,11,function_2,0.3439,Non-antioxidant,,,0.796,Allergen,0.3206,,algpred2:danger(0.796)
pep_389695,HQQAIPQQQLPSQQQF,16,function_2,0.3248,Non-antioxidant,,,0.701,Allergen,0.3205,,algpred2:danger(0.701)
pep_684086,PEAPTEEEK,9,function_2,0.3308,Non-antioxidant,,,0.731,Allergen,0.3205,,algpred2:danger(0.731)
pep_502366,KTEAPAAP,8,function_2,0.3351,Non-antioxidant,,,0.754,Allergen,0.3203,,algpred2:danger(0.754)
pep_916310,TVAAPVEPK,9,function_2,0.329,Non-antioxidant,,,0.723,Allergen,0.3203,,algpred2:danger(0.723)
pep_073996,ATAEEPDPK,9,function_2,0.3334,Non-antioxidant,,,0.746,Allergen,0.3202,,algpred2:danger(0.746)
pep_871246,TEETDKATTEEAPAAEETSK,20,function_2,0.3265,Non-antioxidant,,,0.712,Allergen,0.3201,,algpred2:danger(0.712)
pep_021926,AETAPAPAAAPAK,13,function_2,0.3436,Non-antioxidant,,,0.798,Allergen,0.32,,algpred2:danger(0.798)
pep_937138,VEAFPATK,8,function_2,0.3294,Non-antioxidant,,,0.727,Allergen,0.32,,algpred2:danger(0.727)
pep_004074,AAEPAEAK,8,function_2,0.3295,Non-antioxidant,,,0.728,Allergen,0.3199,,algpred2:danger(0.728)
pep_459906,KAEVAPEEDE,10,function_2,0.3342,Non-antioxidant,,,0.752,Allergen,0.3198,,algpred2:danger(0.752)
pep_481675,KITSFEEAKGLD,12,function_2,0.3241,Non-antioxidant,,,0.703,Allergen,0.3196,,algpred2:danger(0.703)
pep_076971,ATPAPVEK,8,function_2,0.3346,Non-antioxidant,,,0.756,Allergen,0.3195,,algpred2:danger(0.756)
pep_027217,AGAAVGIPLSEDEAK,15,function_2,0.3245,Non-antioxidant,,,0.707,Allergen,0.3193,,algpred2:danger(0.707)
pep_009323,AATAEEPDPK,10,function_2,0.3388,Non-antioxidant,,,0.779,Allergen,0.3192,,algpred2:danger(0.779)
pep_058128,APAETPVK,8,function_2,0.3338,Non-antioxidant,,,0.756,Allergen,0.3188,,algpred2:danger(0.756)
pep_107031,DAFLGAEEAKTF,12,function_2,0.3264,Non-antioxidant,,,0.726,Allergen,0.3177,,algpred2:danger(0.726)
pep_285438,FPEATEEEK,9,function_2,0.3211,Non-antioxidant,,,0.701,Allergen,0.3174,,algpred2:danger(0.701)
pep_021925,AETAPAAPPAK,11,function_2,0.3391,Non-antioxidant,,,0.796,Allergen,0.3166,,algpred2:danger(0.796)
pep_021063,AEPVAAEPK,9,function_2,0.3322,Non-antioxidant,,,0.762,Allergen,0.3165,,algpred2:danger(0.762)
pep_023484,AFDGDEALEK,10,function_2,0.3201,Non-antioxidant,,,0.703,Allergen,0.3163,,algpred2:danger(0.703)
pep_185005,EAAPPAFVTK,10,function_2,0.3341,Non-antioxidant,,,0.776,Allergen,0.3158,,algpred2:danger(0.776)
pep_865761,TAVVAPVEK,9,function_2,0.3249,Non-antioxidant,,,0.731,Allergen,0.3156,,algpred2:danger(0.731)
pep_679656,PAETAAPAPVEK,12,function_2,0.3509,Non-antioxidant,,,0.868,Allergen,0.3144,,algpred2:danger(0.868)
pep_042361,ALAFFGEDSK,10,function_2,0.3263,Non-antioxidant,,,0.746,Allergen,0.3143,,algpred2:danger(0.746)
pep_502781,KTGDLPAFGECVGIAS,16,function_2,0.3213,Non-antioxidant,,,0.721,Allergen,0.3143,,algpred2:danger(0.721)
pep_925039,VAAATTAAPAAAAAPAK,17,function_2,0.3279,Non-antioxidant,,,0.756,Allergen,0.3139,,algpred2:danger(0.756)
pep_009573,AATPEEK,7,function_2,0.3308,Non-antioxidant,,,0.772,Allergen,0.3137,,algpred2:danger(0.772)
pep_074166,ATAPEVK,7,function_2,0.3224,Non-antioxidant,,,0.73,Allergen,0.3137,,algpred2:danger(0.730)
pep_789298,SAEEPAIPAVVAAEK,15,function_2,0.3165,Non-antioxidant,,,0.701,Allergen,0.3136,,algpred2:danger(0.701)
pep_079615,AVDDAGEALFK,11,function_2,0.3168,Non-antioxidant,,,0.703,Allergen,0.3135,,algpred2:danger(0.703)
pep_353229,GSPTGELIFEDAK,13,function_2,0.3164,Non-antioxidant,,,0.703,Allergen,0.3132,,algpred2:danger(0.703)
pep_505679,KVEGPAFTDAI,11,function_2,0.3176,Non-antioxidant,,,0.71,Allergen,0.313,,algpred2:danger(0.710)
pep_002496,AAAPAEEK,8,function_2,0.3211,Non-antioxidant,,,0.728,Allergen,0.3129,,algpred2:danger(0.728)
pep_679803,PAFTPEEAFEAAK,13,function_2,0.3356,Non-antioxidant,,,0.804,Allergen,0.3123,,algpred2:danger(0.804)
pep_1037622,YLVDGTKPNAGSEEI,15,function_2,0.3231,Non-antioxidant,,,0.742,Allergen,0.3123,,algpred2:danger(0.742)
pep_016129,AEAEAEPK,8,function_2,0.3203,Non-antioxidant,,,0.728,Allergen,0.3122,,algpred2:danger(0.728)
pep_477736,KHKGDEEAPEAAEEEAEPVEK,21,function_2,0.3141,Non-antioxidant,,,0.703,Allergen,0.3113,,algpred2:danger(0.703)
pep_004675,AAFVPETAAIK,11,function_2,0.3179,Non-antioxidant,,,0.724,Allergen,0.3109,,algpred2:danger(0.724)
pep_577936,LPGATVDGEFIK,12,function_2,0.3155,Non-antioxidant,,,0.713,Allergen,0.3108,,algpred2:danger(0.713)
pep_107030,DAFLGAEEAKSF,12,function_2,0.3193,Non-antioxidant,,,0.733,Allergen,0.3106,,algpred2:danger(0.733)
pep_698118,PPETEEAK,8,function_2,0.3147,Non-antioxidant,,,0.71,Allergen,0.3106,,algpred2:danger(0.710)
pep_002064,AAAEEEPK,8,function_2,0.3181,Non-antioxidant,,,0.728,Allergen,0.3104,,algpred2:danger(0.728)
pep_009915,AAVEEDEAAEAPAEK,15,function_2,0.3257,Non-antioxidant,,,0.767,Allergen,0.3102,,algpred2:danger(0.767)
pep_042338,ALAETDGDFDK,11,function_2,0.317,Non-antioxidant,,,0.727,Allergen,0.3097,,algpred2:danger(0.727)
pep_860997,TAAAPAEEK,9,function_2,0.3352,Non-antioxidant,,,0.821,Allergen,0.3092,,algpred2:danger(0.821)
pep_974842,VPDEAFAEK,9,function_2,0.3105,Non-antioxidant,,,0.7,Allergen,0.3088,,algpred2:danger(0.700)
pep_004232,AAETFPK,7,function_2,0.316,Non-antioxidant,,,0.728,Allergen,0.3087,,algpred2:danger(0.728)
pep_204419,EFPEADAEK,9,function_2,0.31,Non-antioxidant,,,0.7,Allergen,0.3083,,algpred2:danger(0.700)
pep_977049,VPPETEEAK,9,function_2,0.3202,Non-antioxidant,,,0.752,Allergen,0.3082,,algpred2:danger(0.752)
pep_296538,FVADGIFKAE,10,function_2,0.3129,Non-antioxidant,,,0.718,Allergen,0.3078,,algpred2:danger(0.718)
pep_870294,TEAPAAAK,8,function_2,0.3222,Non-antioxidant,,,0.764,Allergen,0.3078,,algpred2:danger(0.764)
pep_492949,KPATPAEDDED,11,function_2,0.3122,Non-antioxidant,,,0.717,Allergen,0.3073,,algpred2:danger(0.717)
pep_109356,DAPEAAGETSEEADAETPK,19,function_2,0.3134,Non-antioxidant,,,0.729,Allergen,0.3063,,algpred2:danger(0.729)
pep_016499,AEAPAAAAPK,10,function_2,0.3134,Non-antioxidant,,,0.732,Allergen,0.3058,,algpred2:danger(0.732)
pep_032035,AGTPIKLDIAFEGEPAPVAK,20,function_2,0.3155,Non-antioxidant,,,0.745,Allergen,0.3054,,algpred2:danger(0.745)
pep_053062,ALYASEAFPTDFKDPAAAEK,20,function_2,0.3115,Non-antioxidant,,,0.725,Allergen,0.3054,,algpred2:danger(0.725)
pep_187346,EAIFGADFTK,10,function_2,0.3151,Non-antioxidant,,,0.743,Allergen,0.3054,,algpred2:danger(0.743)
pep_231978,EPAEEAAEEK,10,function_2,0.3191,Non-antioxidant,,,0.763,Allergen,0.3054,,algpred2:danger(0.763)
pep_188961,EAPEETK,7,function_2,0.3094,Non-antioxidant,,,0.717,Allergen,0.305,,algpred2:danger(0.717)
pep_464639,KDIEAATGEF,10,function_2,0.3081,Non-antioxidant,,,0.711,Allergen,0.3049,,algpred2:danger(0.711)
pep_026397,AFTAEEAVEK,10,function_2,0.307,Non-antioxidant,,,0.707,Allergen,0.3047,,algpred2:danger(0.707)
pep_684125,PEATEEK,7,function_2,0.309,Non-antioxidant,,,0.717,Allergen,0.3047,,algpred2:danger(0.717)
pep_019426,AEKDEAAATAPEAGATSAEK,20,function_2,0.3217,Non-antioxidant,,,0.781,Allergen,0.3046,,algpred2:danger(0.781)
pep_234176,EPVTPVAAK,9,function_2,0.3098,Non-antioxidant,,,0.723,Allergen,0.3043,,algpred2:danger(0.723)
pep_201709,EETPAVAAAEKSEEPEK,17,function_2,0.314,Non-antioxidant,,,0.745,Allergen,0.3042,,algpred2:danger(0.745)
pep_188885,EAPAAAAPK,9,function_2,0.3087,Non-antioxidant,,,0.724,Allergen,0.3033,,algpred2:danger(0.724)
pep_256647,FAEATVPK,8,function_2,0.3092,Non-antioxidant,,,0.727,Allergen,0.3032,,algpred2:danger(0.727)
pep_492945,KPATPAE,7,function_2,0.3118,Non-antioxidant,,,0.74,Allergen,0.3032,,algpred2:danger(0.740)
pep_007541,AAPAAEEK,8,function_2,0.3091,Non-antioxidant,,,0.728,Allergen,0.3029,,algpred2:danger(0.728)
pep_684371,PEDVITGAFK,10,function_2,0.3034,Non-antioxidant,,,0.7,Allergen,0.3028,,algpred2:danger(0.700)
pep_059200,APETEVK,7,function_2,0.3064,Non-antioxidant,,,0.716,Allergen,0.3027,,algpred2:danger(0.716)
pep_106006,DAAVAEEPAK,10,function_2,0.3124,Non-antioxidant,,,0.746,Allergen,0.3027,,algpred2:danger(0.746)
pep_001912,AAAAPVAAATTAAPAAAAAPAK,22,function_2,0.308,Non-antioxidant,,,0.726,Allergen,0.3023,,algpred2:danger(0.726)
pep_007564,AAPAEDEEEAAPK,13,function_2,0.3176,Non-antioxidant,,,0.774,Allergen,0.3023,,algpred2:danger(0.774)
pep_822302,SLFDEAGAK,9,function_2,0.3068,Non-antioxidant,,,0.72,Allergen,0.3023,,algpred2:danger(0.720)
pep_012853,ADESFDGDALK,11,function_2,0.3158,Non-antioxidant,,,0.767,Allergen,0.302,,algpred2:danger(0.767)
pep_933212,VDEATAFAK,9,function_2,0.3031,Non-antioxidant,,,0.704,Allergen,0.3019,,algpred2:danger(0.704)
pep_705270,PVAAEEK,7,function_2,0.3022,Non-antioxidant,,,0.701,Allergen,0.3017,,algpred2:danger(0.701)
pep_002720,AAATAEEPDPK,11,function_2,0.322,Non-antioxidant,,,0.801,Allergen,0.3015,,algpred2:danger(0.801)
pep_925027,VAAAPVAAATTAAPAAAAAPAK,22,function_2,0.3081,Non-antioxidant,,,0.732,Allergen,0.3014,,algpred2:danger(0.732)
pep_002793,AAATTAAPAAAAAPAK,16,function_2,0.3072,Non-antioxidant,,,0.728,Allergen,0.3013,,algpred2:danger(0.728)
pep_296194,FTVDLKGAAIE,11,function_2,0.3015,Non-antioxidant,,,0.7,Allergen,0.3013,,algpred2:danger(0.700)
pep_461442,KAPAAAPEA,9,function_2,0.3063,Non-antioxidant,,,0.724,Allergen,0.3013,,algpred2:danger(0.724)
pep_681931,PAVTAEFK,8,function_2,0.307,Non-antioxidant,,,0.727,Allergen,0.3013,,algpred2:danger(0.727)
pep_900772,TPAEFAK,7,function_2,0.3069,Non-antioxidant,,,0.728,Allergen,0.3011,,algpred2:danger(0.728)
pep_008005,AAPTEVK,7,function_2,0.3072,Non-antioxidant,,,0.73,Allergen,0.301,,algpred2:danger(0.730)
pep_698085,PPEPEVAPAAK,11,function_2,0.3186,Non-antioxidant,,,0.787,Allergen,0.301,,algpred2:danger(0.787)
pep_073879,ATAAAAADTPAPAAEK,16,function_2,0.3157,Non-antioxidant,,,0.776,Allergen,0.3004,,algpred2:danger(0.776)
pep_206906,EGFLEEFADIAK,12,function_2,0.3031,Non-antioxidant,,,0.713,Allergen,0.3004,,algpred2:danger(0.713)
pep_007565,AAPAEDEEEAAPKK,14,function_2,0.304,Non-antioxidant,,,0.718,Allergen,0.3003,,algpred2:danger(0.718)
pep_088279,AYGIGQDCPTGKSNVL,16,function_2,0.3103,Non-antioxidant,,,0.751,Allergen,0.3001,,algpred2:danger(0.751)
pep_116710,DEAVAAPVATK,11,function_2,0.3021,Non-antioxidant,,,0.71,Allergen,0.3001,,algpred2:danger(0.710)
pep_007596,AAPAPAEKTPVK,12,function_2,0.3003,Non-antioxidant,,,0.703,Allergen,0.2998,,algpred2:danger(0.703)
pep_868921,TDPADFAVAEALEK,14,function_2,0.3058,Non-antioxidant,,,0.73,Allergen,0.2998,,algpred2:danger(0.730)
pep_058423,APAVAETPDIK,11,function_2,0.3067,Non-antioxidant,,,0.736,Allergen,0.2996,,algpred2:danger(0.736)
pep_040731,AKDGASCVTYIGPN,14,function_2,0.3085,Non-antioxidant,,,0.746,Allergen,0.2994,,algpred2:danger(0.746)
pep_057984,APAAAAAPAKVE,12,function_2,0.3153,Non-antioxidant,,,0.78,Allergen,0.2994,,algpred2:danger(0.780)
pep_269117,FGEDFIATFK,10,function_2,0.306,Non-antioxidant,,,0.736,Allergen,0.299,,algpred2:danger(0.736)
pep_399630,IADESFDGDALK,12,function_2,0.3178,Non-antioxidant,,,0.796,Allergen,0.2988,,algpred2:danger(0.796)
pep_077767,ATTAAPAAAAAPAK,14,function_2,0.3034,Non-antioxidant,,,0.727,Allergen,0.2983,,algpred2:danger(0.727)
pep_861952,TAEEEDEADPK,11,function_2,0.3031,Non-antioxidant,,,0.728,Allergen,0.2979,,algpred2:danger(0.728)
pep_900734,TPAAVAAPVEK,11,function_2,0.3056,Non-antioxidant,,,0.741,Allergen,0.2978,,algpred2:danger(0.741)
pep_020760,AEPAAATPK,9,function_2,0.313,Non-antioxidant,,,0.779,Allergen,0.2977,,algpred2:danger(0.779)
pep_492948,KPATPAEDDE,10,function_2,0.3022,Non-antioxidant,,,0.725,Allergen,0.2977,,algpred2:danger(0.725)
pep_074022,ATAESFEDGLK,11,function_2,0.2998,Non-antioxidant,,,0.714,Allergen,0.2975,,algpred2:danger(0.714)
pep_007630,AAPAVAETPDIK,12,function_2,0.3081,Non-antioxidant,,,0.756,Allergen,0.2974,,algpred2:danger(0.756)
pep_995135,VVETAAPAAAAAPAK,15,function_2,0.3188,Non-antioxidant,,,0.811,Allergen,0.2972,,algpred2:danger(0.811)
pep_007563,AAPAEAAEEEK,11,function_2,0.3119,Non-antioxidant,,,0.779,Allergen,0.2968,,algpred2:danger(0.779)
pep_492951,KPATPAEDDEDDD,13,function_2,0.2979,Non-antioxidant,,,0.709,Allergen,0.2968,,algpred2:danger(0.709)
pep_189027,EAPKAEPE,8,function_2,0.3,Non-antioxidant,,,0.721,Allergen,0.2965,,algpred2:danger(0.721)
pep_201526,EETAAPAK,8,function_2,0.3144,Non-antioxidant,,,0.796,Allergen,0.296,,algpred2:danger(0.796)
pep_413399,IFLEAGADTEKK,12,function_2,0.295,Non-antioxidant,,,0.702,Allergen,0.2955,,algpred2:danger(0.702)
pep_941748,VETAPAVETK,10,function_2,0.2952,Non-antioxidant,,,0.703,Allergen,0.2955,,algpred2:danger(0.703)
pep_994529,VVDTPEVAVAK,11,function_2,0.2959,Non-antioxidant,,,0.707,Allergen,0.2954,,algpred2:danger(0.707)
pep_009634,AATTAAPAAAAAPAK,15,function_2,0.3004,Non-antioxidant,,,0.73,Allergen,0.2953,,algpred2:danger(0.730)
pep_679498,PAEDEEEAAPK,11,function_2,0.3054,Non-antioxidant,,,0.755,Allergen,0.2953,,algpred2:danger(0.755)
pep_003704,AAEEATAEK,9,function_2,0.2964,Non-antioxidant,,,0.711,Allergen,0.2952,,algpred2:danger(0.711)
pep_914861,TTPETTTAAPK,11,function_2,0.296,Non-antioxidant,,,0.709,Allergen,0.2952,,algpred2:danger(0.709)
pep_001895,AAAAPAAAATTAAPAAAAAPAK,22,function_2,0.2952,Non-antioxidant,,,0.706,Allergen,0.295,,algpred2:danger(0.706)
pep_977870,VPTPEKEAPAK,11,function_2,0.2959,Non-antioxidant,,,0.711,Allergen,0.2948,,algpred2:danger(0.711)
pep_002026,AAADTFEVAK,10,function_2,0.3007,Non-antioxidant,,,0.737,Allergen,0.2944,,algpred2:danger(0.737)
pep_007532,AAPAAAAAPAKVE,13,function_2,0.3076,Non-antioxidant,,,0.776,Allergen,0.2937,,algpred2:danger(0.776)
pep_007542,AAPAAEEKEE,10,function_2,0.305,Non-antioxidant,,,0.763,Allergen,0.2937,,algpred2:danger(0.763)
pep_007631,AAPAVAETPEIK,12,function_2,0.3131,Non-antioxidant,,,0.804,Allergen,0.2936,,algpred2:danger(0.804)
pep_076961,ATPAEEEK,8,function_2,0.3115,Non-antioxidant,,,0.796,Allergen,0.2936,,algpred2:danger(0.796)
pep_303593,GAEILADTFKD,11,function_2,0.2959,Non-antioxidant,,,0.718,Allergen,0.2936,,algpred2:danger(0.718)
pep_867666,TDESAFVGELIK,12,function_2,0.2933,Non-antioxidant,,,0.705,Allergen,0.2936,,algpred2:danger(0.705)
pep_005817,AAILDESGKKF,11,function_2,0.2998,Non-antioxidant,,,0.739,Allergen,0.2933,,algpred2:danger(0.739)
pep_058098,APAEDEEEAAPK,12,function_2,0.306,Non-antioxidant,,,0.771,Allergen,0.2932,,algpred2:danger(0.771)
pep_109507,DAPPEAVAAK,10,function_2,0.2964,Non-antioxidant,,,0.723,Allergen,0.2932,,algpred2:danger(0.723)
pep_864256,TAPIEATATKEE,12,function_2,0.292,Non-antioxidant,,,0.701,Allergen,0.2932,,algpred2:danger(0.701)
pep_247534,EVDEATAFAK,10,function_2,0.2963,Non-antioxidant,,,0.725,Allergen,0.2928,,algpred2:danger(0.725)
pep_868229,TDIFGSAADVEK,12,function_2,0.2927,Non-antioxidant,,,0.707,Allergen,0.2928,,algpred2:danger(0.707)
pep_041456,AKPAEAPAA,9,function_2,0.296,Non-antioxidant,,,0.724,Allergen,0.2927,,algpred2:danger(0.724)
pep_681527,PATFEAVAK,9,function_2,0.3029,Non-antioxidant,,,0.76,Allergen,0.2924,,algpred2:danger(0.760)
pep_017665,AEEKEEEPEAEEEEVAAK,18,function_2,0.301,Non-antioxidant,,,0.751,Allergen,0.2923,,algpred2:danger(0.751)
pep_217192,EKEEEPEAEEEEVAAK,16,function_2,0.2925,Non-antioxidant,,,0.709,Allergen,0.2923,,algpred2:danger(0.709)
pep_188948,EAPDTAEK,8,function_2,0.2966,Non-antioxidant,,,0.731,Allergen,0.292,,algpred2:danger(0.731)
pep_195877,EEAITGDFALVK,12,function_2,0.2906,Non-antioxidant,,,0.701,Allergen,0.292,,algpred2:danger(0.701)
pep_492950,KPATPAEDDEDD,12,function_2,0.2936,Non-antioxidant,,,0.716,Allergen,0.292,,algpred2:danger(0.716)
pep_116670,DEATAFAK,8,function_2,0.2924,Non-antioxidant,,,0.713,Allergen,0.2915,,algpred2:danger(0.713)
pep_197461,EEEPEAEEEEVAAKK,15,function_2,0.2919,Non-antioxidant,,,0.713,Allergen,0.2911,,algpred2:danger(0.713)
pep_819145,SKGVEFPAADLDTLAPIK,18,function_2,0.2943,Non-antioxidant,,,0.725,Allergen,0.2911,,algpred2:danger(0.725)
pep_187579,EAITGDFALVK,11,function_2,0.2892,Non-antioxidant,,,0.7,Allergen,0.291,,algpred2:danger(0.700)
pep_941749,VETAPAVETKA,11,function_2,0.293,Non-antioxidant,,,0.72,Allergen,0.2908,,algpred2:danger(0.720)
pep_467836,KEEVADPTAH,10,function_2,0.2921,Non-antioxidant,,,0.718,Allergen,0.2904,,algpred2:danger(0.718)
pep_057993,APAAAEEK,8,function_2,0.2935,Non-antioxidant,,,0.728,Allergen,0.2899,,algpred2:danger(0.728)
pep_326379,GIGTDSAEFAELK,13,function_2,0.2892,Non-antioxidant,,,0.707,Allergen,0.2898,,algpred2:danger(0.707)
pep_680822,PAPAAEEEAPK,11,function_2,0.3032,Non-antioxidant,,,0.777,Allergen,0.2898,,algpred2:danger(0.777)
pep_925026,VAAAPVAAATTAAPAAAAAAPAK,23,function_2,0.2913,Non-antioxidant,,,0.719,Allergen,0.2896,,algpred2:danger(0.719)
pep_012652,ADEAVATPEK,10,function_2,0.3088,Non-antioxidant,,,0.807,Allergen,0.2895,,algpred2:danger(0.807)
pep_863329,TAKPVAEVE,9,function_2,0.3011,Non-antioxidant,,,0.771,Allergen,0.2891,,algpred2:danger(0.771)
pep_466601,KEAAATAPVAY,11,function_2,0.2896,Non-antioxidant,,,0.714,Allergen,0.289,,algpred2:danger(0.714)
pep_003319,AADLFESEGAK,11,function_2,0.2963,Non-antioxidant,,,0.749,Allergen,0.2888,,algpred2:danger(0.749)
pep_042427,ALAGVFSDEK,10,function_2,0.2878,Non-antioxidant,,,0.706,Allergen,0.2888,,algpred2:danger(0.706)
pep_009311,AATAAAAEPK,10,function_2,0.3039,Non-antioxidant,,,0.789,Allergen,0.2884,,algpred2:danger(0.789)
pep_928986,VAPAAEVVVEK,11,function_2,0.2885,Non-antioxidant,,,0.712,Allergen,0.2884,,algpred2:danger(0.712)
pep_060152,APKATPVAA,9,function_2,0.29,Non-antioxidant,,,0.721,Allergen,0.2882,,algpred2:danger(0.721)
pep_199060,EEKKAAAPAPEEE,13,function_2,0.286,Non-antioxidant,,,0.705,Allergen,0.2875,,algpred2:danger(0.705)
pep_213782,EIGASLFDEEGAK,13,function_2,0.2876,Non-antioxidant,,,0.713,Allergen,0.2875,,algpred2:danger(0.713)
pep_266740,FFEGDASAIVK,11,function_2,0.2888,Non-antioxidant,,,0.719,Allergen,0.2875,,algpred2:danger(0.719)
pep_467431,KEEEPEAEEEEVAAK,15,function_2,0.2874,Non-antioxidant,,,0.713,Allergen,0.2873,,algpred2:danger(0.713)
pep_900707,TPAAAAAPVEK,11,function_2,0.31,Non-antioxidant,,,0.827,Allergen,0.2872,,algpred2:danger(0.827)
pep_074780,ATEEAPKTEETDKATTEEAPK,21,function_2,0.286,Non-antioxidant,,,0.709,Allergen,0.2868,,algpred2:danger(0.709)
pep_199030,EEKEEEPEAEEEEVAAK,17,function_2,0.2874,Non-antioxidant,,,0.716,Allergen,0.2868,,algpred2:danger(0.716)
pep_036456,AIEGDTSGDFLK,12,function_2,0.2902,Non-antioxidant,,,0.731,Allergen,0.2867,,algpred2:danger(0.731)
pep_058023,APAAEVTAVVEEK,13,function_2,0.299,Non-antioxidant,,,0.78,Allergen,0.2858,,algpred2:danger(0.780)
pep_679297,PADAFETK,8,function_2,0.2862,Non-antioxidant,,,0.716,Allergen,0.2858,,algpred2:danger(0.716)
pep_941924,VETPAAATEK,10,function_2,0.2951,Non-antioxidant,,,0.762,Allergen,0.2856,,algpred2:danger(0.762)
pep_685194,PELAATIGVDFK,12,function_2,0.2878,Non-antioxidant,,,0.729,Allergen,0.285,,algpred2:danger(0.729)
pep_009391,AATEEAPKAEETEKTATEEAPK,22,function_2,0.2844,Non-antioxidant,,,0.713,Allergen,0.2848,,algpred2:danger(0.713)
pep_678928,PAAAPVAATK,10,function_2,0.2893,Non-antioxidant,,,0.738,Allergen,0.2848,,algpred2:danger(0.738)
pep_058145,APAFTEAK,8,function_2,0.2903,Non-antioxidant,,,0.744,Allergen,0.2846,,algpred2:danger(0.744)
pep_193177,EDGVSAATFLK,11,function_2,0.2833,Non-antioxidant,,,0.709,Allergen,0.2846,,algpred2:danger(0.709)
pep_459064,KAALAETDGEF,11,function_2,0.2848,Non-antioxidant,,,0.718,Allergen,0.2843,,algpred2:danger(0.718)
pep_245593,ETPAVAAAEKSEEPEK,16,function_2,0.2858,Non-antioxidant,,,0.725,Allergen,0.284,,algpred2:danger(0.725)
pep_929035,VAPAVETPK,9,function_2,0.2854,Non-antioxidant,,,0.723,Allergen,0.284,,algpred2:danger(0.723)
pep_197460,EEEPEAEEEEVAAK,14,function_2,0.2982,Non-antioxidant,,,0.792,Allergen,0.2832,,algpred2:danger(0.792)
pep_299236,FVSDTLAEAGK,11,function_2,0.2816,Non-antioxidant,,,0.709,Allergen,0.2832,,algpred2:danger(0.709)
pep_195890,EEAKPVEPVEETA,13,function_2,0.3067,Non-antioxidant,,,0.835,Allergen,0.2831,,algpred2:danger(0.835)
pep_269318,FGESDALIAEK,11,function_2,0.2853,Non-antioxidant,,,0.729,Allergen,0.2829,,algpred2:danger(0.729)
pep_678957,PAAEAEAK,8,function_2,0.2849,Non-antioxidant,,,0.728,Allergen,0.2828,,algpred2:danger(0.728)
pep_315267,GFAETLIDGAK,11,function_2,0.279,Non-antioxidant,,,0.702,Allergen,0.2822,,algpred2:danger(0.702)
pep_869302,TDSAIAKEGF,10,function_2,0.2816,Non-antioxidant,,,0.716,Allergen,0.282,,algpred2:danger(0.716)
pep_870225,TEAIVDAEPK,10,function_2,0.2829,Non-antioxidant,,,0.724,Allergen,0.2818,,algpred2:danger(0.724)
pep_201527,EETAAPAKA,9,function_2,0.3022,Non-antioxidant,,,0.821,Allergen,0.2817,,algpred2:danger(0.821)
pep_495757,KPVAAAAAAPA,11,function_2,0.2786,Non-antioxidant,,,0.704,Allergen,0.2815,,algpred2:danger(0.704)
pep_466602,KEAAAVAPPE,10,function_2,0.2923,Non-antioxidant,,,0.775,Allergen,0.2811,,algpred2:danger(0.775)
pep_458928,KAAATAEEPD,10,function_2,0.2932,Non-antioxidant,,,0.781,Allergen,0.2808,,algpred2:danger(0.781)
pep_068980,ASALFEDGK,9,function_2,0.2809,Non-antioxidant,,,0.72,Allergen,0.2807,,algpred2:danger(0.720)
pep_264200,FEGDASAIVK,10,function_2,0.2783,Non-antioxidant,,,0.708,Allergen,0.2806,,algpred2:danger(0.708)
pep_486111,KLKGADPEDVITGAF,15,function_2,0.2829,Non-antioxidant,,,0.734,Allergen,0.2801,,algpred2:danger(0.734)
pep_006149,AAKVPADTE,9,function_2,0.2834,Non-antioxidant,,,0.739,Allergen,0.2797,,algpred2:danger(0.739)
pep_184611,EAAAVPAAK,9,function_2,0.2844,Non-antioxidant,,,0.744,Allergen,0.2797,,algpred2:danger(0.744)
pep_900788,TPAEVAK,7,function_2,0.2816,Non-antioxidant,,,0.73,Allergen,0.2797,,algpred2:danger(0.730)
pep_681768,PAVEAATK,8,function_2,0.2887,Non-antioxidant,,,0.767,Allergen,0.2794,,algpred2:danger(0.767)
pep_679201,PAATEVK,7,function_2,0.281,Non-antioxidant,,,0.73,Allergen,0.2792,,algpred2:danger(0.730)
pep_243452,ETAPAVETK,9,function_2,0.2853,Non-antioxidant,,,0.753,Allergen,0.2789,,algpred2:danger(0.753)
pep_196726,EEEEAEAETAK,11,function_2,0.2788,Non-antioxidant,,,0.722,Allergen,0.2787,,algpred2:danger(0.722)
pep_185124,EAATQVKPAEE,11,function_2,0.2743,Non-antioxidant,,,0.701,Allergen,0.2784,,algpred2:danger(0.701)
pep_012112,ADAEKTFE,8,function_2,0.2763,Non-antioxidant,,,0.715,Allergen,0.2777,,algpred2:danger(0.715)
pep_679540,PAEFTVDAK,9,function_2,0.2782,Non-antioxidant,,,0.725,Allergen,0.2777,,algpred2:danger(0.725)
pep_012113,ADAEKTFEE,9,function_2,0.278,Non-antioxidant,,,0.726,Allergen,0.2773,,algpred2:danger(0.726)
pep_294318,FTEAIVDAEPK,11,function_2,0.2734,Non-antioxidant,,,0.71,Allergen,0.2762,,algpred2:danger(0.710)
pep_008064,AAPVVTEEK,9,function_2,0.2852,Non-antioxidant,,,0.771,Allergen,0.2758,,algpred2:danger(0.771)
pep_344698,GPPDAILGVTEAFKK,15,function_2,0.2759,Non-antioxidant,,,0.729,Allergen,0.2751,,algpred2:danger(0.729)
pep_205730,EGADFTAIAK,10,function_2,0.2794,Non-antioxidant,,,0.747,Allergen,0.275,,algpred2:danger(0.747)
pep_052769,ALVSAFDIGEEK,12,function_2,0.2747,Non-antioxidant,,,0.724,Allergen,0.2749,,algpred2:danger(0.724)
pep_458897,KAAAEAAVP,9,function_2,0.2785,Non-antioxidant,,,0.744,Allergen,0.2748,,algpred2:danger(0.744)
pep_939777,VEKPTADAEAY,11,function_2,0.2719,Non-antioxidant,,,0.713,Allergen,0.2744,,algpred2:danger(0.713)
pep_831258,SNLAGKPVICATQ,13,function_2,0.2716,Non-antioxidant,,,0.713,Allergen,0.2742,,algpred2:danger(0.713)
pep_002040,AAAEAATTTPVTK,13,function_2,0.2751,Non-antioxidant,,,0.733,Allergen,0.2738,,algpred2:danger(0.733)
pep_203019,EFDVLISAAGGK,12,function_2,0.2781,Non-antioxidant,,,0.75,Allergen,0.2734,,algpred2:danger(0.750)
pep_908863,TSAADFVEGLIK,12,function_2,0.2817,Non-antioxidant,,,0.769,Allergen,0.2733,,algpred2:danger(0.769)
pep_270203,FGISDATEAAK,11,function_2,0.2755,Non-antioxidant,,,0.745,Allergen,0.2721,,algpred2:danger(0.745)
pep_106809,DAESIFELAEGK,12,function_2,0.2749,Non-antioxidant,,,0.744,Allergen,0.2717,,algpred2:danger(0.744)
pep_194363,EDPPTAKAAVE,11,function_2,0.2916,Non-antioxidant,,,0.828,Allergen,0.2717,,algpred2:danger(0.828)
pep_683995,PEAEEEEVAAK,11,function_2,0.2851,Non-antioxidant,,,0.801,Allergen,0.2708,,algpred2:danger(0.801)
pep_001665,AAAAAAAATEEK,12,function_2,0.2696,Non-antioxidant,,,0.724,Allergen,0.2707,,algpred2:danger(0.724)
pep_077953,ATTVDAEVLAAAPK,14,function_2,0.2676,Non-antioxidant,,,0.714,Allergen,0.2707,,algpred2:danger(0.714)
pep_232262,EPEAEEEEVAAK,12,function_2,0.2863,Non-antioxidant,,,0.808,Allergen,0.2706,,algpred2:danger(0.808)
pep_900710,TPAAEDAAAK,10,function_2,0.2754,Non-antioxidant,,,0.756,Allergen,0.2702,,algpred2:danger(0.756)
pep_492769,KPAEFTVDA,9,function_2,0.2689,Non-antioxidant,,,0.725,Allergen,0.2699,,algpred2:danger(0.725)
pep_678943,PAAAVAAAAATAK,13,function_2,0.2732,Non-antioxidant,,,0.749,Allergen,0.2695,,algpred2:danger(0.749)
pep_591184,LSDGFVAAEAK,11,function_2,0.2719,Non-antioxidant,,,0.748,Allergen,0.2686,,algpred2:danger(0.748)
pep_888643,TKAAAAAAAAAPAAAAT,17,function_2,0.2619,Non-antioxidant,,,0.7,Allergen,0.2683,,algpred2:danger(0.700)
pep_699208,PPTAKAAVE,9,function_2,0.2799,Non-antioxidant,,,0.793,Allergen,0.2677,,algpred2:danger(0.793)
pep_925495,VAATVKVPE,9,function_2,0.2674,Non-antioxidant,,,0.731,Allergen,0.2677,,algpred2:danger(0.731)
pep_937303,VEAPAAAAATK,11,function_2,0.2857,Non-antioxidant,,,0.825,Allergen,0.2673,,algpred2:danger(0.825)
pep_077810,ATTEEAPKAEETDKATEEAPK,21,function_2,0.2623,Non-antioxidant,,,0.711,Allergen,0.2667,,algpred2:danger(0.711)
pep_035601,AIAFESDVLGK,11,function_2,0.2655,Non-antioxidant,,,0.728,Allergen,0.2666,,algpred2:danger(0.728)
pep_277034,FKTEADAE,8,function_2,0.2629,Non-antioxidant,,,0.715,Allergen,0.2666,,algpred2:danger(0.715)
pep_174521,DVETAAAAAAAAK,13,function_2,0.2626,Non-antioxidant,,,0.716,Allergen,0.2662,,algpred2:danger(0.716)
pep_195680,EEAEAEEEVPTK,12,function_2,0.2953,Non-antioxidant,,,0.883,Allergen,0.2656,,algpred2:danger(0.883)
pep_200451,EEPAEEEAEVK,11,function_2,0.2792,Non-antioxidant,,,0.806,Allergen,0.265,,algpred2:danger(0.806)
pep_231965,EPAAVVEEK,9,function_2,0.258,Non-antioxidant,,,0.701,Allergen,0.2648,,algpred2:danger(0.701)
pep_023736,AFEEAKAEDEEE,12,function_2,0.2597,Non-antioxidant,,,0.712,Allergen,0.2644,,algpred2:danger(0.712)
pep_697708,PPAAAVAAAAATAK,14,function_2,0.2697,Non-antioxidant,,,0.767,Allergen,0.2636,,algpred2:danger(0.767)
pep_681741,PAVATAATAAEK,12,function_2,0.264,Non-antioxidant,,,0.747,Allergen,0.2622,,algpred2:danger(0.747)
pep_018353,AEGADFAAIAK,11,function_2,0.2609,Non-antioxidant,,,0.732,Allergen,0.2621,,algpred2:danger(0.732)
pep_257124,FAGAKLEDSE,10,function_2,0.254,Non-antioxidant,,,0.708,Allergen,0.2603,,algpred2:danger(0.708)
pep_900704,TPAAAAAAAAAAK,13,function_2,0.2568,Non-antioxidant,,,0.725,Allergen,0.2598,,algpred2:danger(0.725)
pep_354463,GTAAAAAAAAAAAAAAAAKVPAK,23,function_2,0.2518,Non-antioxidant,,,0.709,Allergen,0.2583,,algpred2:danger(0.709)
pep_016391,AEAKDVFLGTF,11,function_2,0.2514,Non-antioxidant,,,0.715,Allergen,0.257,,algpred2:danger(0.715)
pep_195993,EEAPETTTEAK,11,function_2,0.259,Non-antioxidant,,,0.764,Allergen,0.2552,,algpred2:danger(0.764)
pep_492711,KPAAATTAE,9,function_2,0.2474,Non-antioxidant,,,0.708,Allergen,0.2548,,algpred2:danger(0.708)
pep_041453,AKPAAVAAE,9,function_2,0.2541,Non-antioxidant,,,0.744,Allergen,0.2544,,algpred2:danger(0.744)
pep_018354,AEGADFTAIAK,11,function_2,0.2507,Non-antioxidant,,,0.745,Allergen,0.2514,,algpred2:danger(0.745)
pep_059210,APEVAAAAAAAAK,13,function_2,0.2514,Non-antioxidant,,,0.756,Allergen,0.2502,,algpred2:danger(0.756)
pep_139706,DKFAKAKELG,10,function_2,0.2397,Non-antioxidant,,,0.709,Allergen,0.2482,,algpred2:danger(0.709)
pep_941782,VETEEAPKAEETDKATEEAPK,21,function_2,0.256,Non-antioxidant,,,0.795,Allergen,0.2475,,algpred2:danger(0.795)
pep_200459,EEPAKEEAPAE,11,function_2,0.2521,Non-antioxidant,,,0.783,Allergen,0.2462,,algpred2:danger(0.783)
pep_799569,SEEKTEAAAAAAAAAAAAAAAPQPEKEA,28,function_2,0.2356,Non-antioxidant,,,0.71,Allergen,0.2447,,algpred2:danger(0.710)
pep_799570,SEEKTEAAAAAAAAAAAAAAAPQPEKEAK,29,function_2,0.2293,Non-antioxidant,,,0.701,Allergen,0.2409,,algpred2:danger(0.701)
pep_325891,GIEYKPVSATGAEDK,15,function_2,0.2339,Non-antioxidant,,,0.725,Allergen,0.2407,,algpred2:danger(0.725)
pep_799568,SEEKTEAAAAAAAAAAAAAAAPQPEKE,27,function_2,0.2185,Non-antioxidant,,,0.709,Allergen,0.2306,,algpred2:danger(0.709)
