construct_id,channel,peptide_id,peptide_sequence,linker_id,linker_sequence,position,length
con_0001,top,pep_491709,KNMVIGGYYPYPPVPETFS,Flex_GGGGSx1,GGGGS,N,398
con_0002,top,pep_491709,KNMVIGGYYPYPPVPETFS,Flex_GGGGSx1,GGGGS,C,403
con_0003,top,pep_491709,KNMVIGGYYPYPPVPETFS,Flex_GGGGSx1,GGGGS,Both,427
con_0004,top,pep_491709,KNMVIGGYYPYPPVPETFS,Flex_GGGGSx2,GGGGSGGGGS,N,403
con_0005,top,pep_491709,KNMVIGGYYPYPPVPETFS,Flex_GGGGSx2,GGGGSGGGGS,C,413
con_0006,top,pep_491709,KNMVIGGYYPYPPVPETFS,Flex_GGGGSx2,GGGGSGGGGS,Both,442
con_0007,top,pep_448117,ITAVMPFYPYAR,Flex_GGGGSx1,GGGGS,N,391
con_0008,top,pep_448117,ITAVMPFYPYAR,Flex_GGGGSx1,GGGGS,C,396
con_0009,top,pep_448117,ITAVMPFYPYAR,Flex_GGGGSx1,GGGGS,Both,413
con_0010,top,pep_448117,ITAVMPFYPYAR,Flex_GGGGSx2,GGGGSGGGGS,N,396
con_0011,top,pep_448117,ITAVMPFYPYAR,Flex_GGGGSx2,GGGGSGGGGS,C,406
con_0012,top,pep_448117,ITAVMPFYPYAR,Flex_GGGGSx2,GGGGSGGGGS,Both,428
con_0013,top,pep_123291,DFHHHHFPDME,Flex_GGGGSx1,GGGGS,N,390
con_0014,top,pep_123291,DFHHHHFPDME,Flex_GGGGSx1,GGGGS,C,395
con_0015,top,pep_123291,DFHHHHFPDME,Flex_GGGGSx1,GGGGS,Both,411
con_0016,top,pep_123291,DFHHHHFPDME,Flex_GGGGSx2,GGGGSGGGGS,N,395
con_0017,top,pep_123291,DFHHHHFPDME,Flex_GGGGSx2,GGGGSGGGGS,C,405
con_0018,top,pep_123291,DFHHHHFPDME,Flex_GGGGSx2,GGGGSGGGGS,Both,426
con_0019,top,pep_451916,IVAVDPDEPIHGPPFDFSLE,Flex_GGGGSx1,GGGGS,N,399
con_0020,top,pep_451916,IVAVDPDEPIHGPPFDFSLE,Flex_GGGGSx1,GGGGS,C,404
con_0021,top,pep_451916,IVAVDPDEPIHGPPFDFSLE,Flex_GGGGSx1,GGGGS,Both,429
con_0022,top,pep_451916,IVAVDPDEPIHGPPFDFSLE,Flex_GGGGSx2,GGGGSGGGGS,N,404
con_0023,top,pep_451916,IVAVDPDEPIHGPPFDFSLE,Flex_GGGGSx2,GGGGSGGGGS,C,414
con_0024,top,pep_451916,IVAVDPDEPIHGPPFDFSLE,Flex_GGGGSx2,GGGGSGGGGS,Both,444
con_0025,top,pep_969618,VLYLEPHHPEGLER,Flex_GGGGSx1,GGGGS,N,393
con_0026,top,pep_969618,VLYLEPHHPEGLER,Flex_GGGGSx1,GGGGS,C,398
con_0027,top,pep_969618,VLYLEPHHPEGLER,Flex_GGGGSx1,GGGGS,Both,417
con_0028,top,pep_969618,VLYLEPHHPEGLER,Flex_GGGGSx2,GGGGSGGGGS,N,398
con_0029,top,pep_969618,VLYLEPHHPEGLER,Flex_GGGGSx2,GGGGSGGGGS,C,408
con_0030,top,pep_969618,VLYLEPHHPEGLER,Flex_GGGGSx2,GGGGSGGGGS,Both,432
con_0031,top,pep_885860,TIFATHYHELTELSR,Flex_GGGGSx1,GGGGS,N,394
con_0032,top,pep_885860,TIFATHYHELTELSR,Flex_GGGGSx1,GGGGS,C,399
con_0033,top,pep_885860,TIFATHYHELTELSR,Flex_GGGGSx1,GGGGS,Both,419
con_0034,top,pep_885860,TIFATHYHELTELSR,Flex_GGGGSx2,GGGGSGGGGS,N,399
con_0035,top,pep_885860,TIFATHYHELTELSR,Flex_GGGGSx2,GGGGSGGGGS,C,409
con_0036,top,pep_885860,TIFATHYHELTELSR,Flex_GGGGSx2,GGGGSGGGGS,Both,434
con_0037,top,pep_928193,VALGHAYHPEEF,Flex_GGGGSx1,GGGGS,N,391
con_0038,top,pep_928193,VALGHAYHPEEF,Flex_GGGGSx1,GGGGS,C,396
con_0039,top,pep_928193,VALGHAYHPEEF,Flex_GGGGSx1,GGGGS,Both,413
con_0040,top,pep_928193,VALGHAYHPEEF,Flex_GGGGSx2,GGGGSGGGGS,N,396
con_0041,top,pep_928193,VALGHAYHPEEF,Flex_GGGGSx2,GGGGSGGGGS,C,406
con_0042,top,pep_928193,VALGHAYHPEEF,Flex_GGGGSx2,GGGGSGGGGS,Both,428
con_0043,top,pep_303061,GAAVGFPTHLYPGVYPAMR,Flex_GGGGSx1,GGGGS,N,398
con_0044,top,pep_303061,GAAVGFPTHLYPGVYPAMR,Flex_GGGGSx1,GGGGS,C,403
con_0045,top,pep_303061,GAAVGFPTHLYPGVYPAMR,Flex_GGGGSx1,GGGGS,Both,427
con_0046,top,pep_303061,GAAVGFPTHLYPGVYPAMR,Flex_GGGGSx2,GGGGSGGGGS,N,403
con_0047,top,pep_303061,GAAVGFPTHLYPGVYPAMR,Flex_GGGGSx2,GGGGSGGGGS,C,413
con_0048,top,pep_303061,GAAVGFPTHLYPGVYPAMR,Flex_GGGGSx2,GGGGSGGGGS,Both,442
con_0049,top,pep_934844,VDLLVFNPPYVVTPPQE,Flex_GGGGSx1,GGGGS,N,396
con_0050,top,pep_934844,VDLLVFNPPYVVTPPQE,Flex_GGGGSx1,GGGGS,C,401
con_0051,top,pep_934844,VDLLVFNPPYVVTPPQE,Flex_GGGGSx1,GGGGS,Both,423
con_0052,top,pep_934844,VDLLVFNPPYVVTPPQE,Flex_GGGGSx2,GGGGSGGGGS,N,401
con_0053,top,pep_934844,VDLLVFNPPYVVTPPQE,Flex_GGGGSx2,GGGGSGGGGS,C,411
con_0054,top,pep_934844,VDLLVFNPPYVVTPPQE,Flex_GGGGSx2,GGGGSGGGGS,Both,438
con_0055,top,pep_648372,NGNPNGEGLPHWPLFDQEEQY,Flex_GGGGSx1,GGGGS,N,400
con_0056,top,pep_648372,NGNPNGEGLPHWPLFDQEEQY,Flex_GGGGSx1,GGGGS,C,405
con_0057,top,pep_648372,NGNPNGEGLPHWPLFDQEEQY,Flex_GGGGSx1,GGGGS,Both,431
con_0058,top,pep_648372,NGNPNGEGLPHWPLFDQEEQY,Flex_GGGGSx2,GGGGSGGGGS,N,405
con_0059,top,pep_648372,NGNPNGEGLPHWPLFDQEEQY,Flex_GGGGSx2,GGGGSGGGGS,C,415
con_0060,top,pep_648372,NGNPNGEGLPHWPLFDQEEQY,Flex_GGGGSx2,GGGGSGGGGS,Both,446
con_0061,top,pep_164493,DRTWHPEHFF,Flex_GGGGSx1,GGGGS,N,389
con_0062,top,pep_164493,DRTWHPEHFF,Flex_GGGGSx1,GGGGS,C,394
con_0063,top,pep_164493,DRTWHPEHFF,Flex_GGGGSx1,GGGGS,Both,409
con_0064,top,pep_164493,DRTWHPEHFF,Flex_GGGGSx2,GGGGSGGGGS,N,394
con_0065,top,pep_164493,DRTWHPEHFF,Flex_GGGGSx2,GGGGSGGGGS,C,404
con_0066,top,pep_164493,DRTWHPEHFF,Flex_GGGGSx2,GGGGSGGGGS,Both,424
con_0067,top,pep_142399,DLDEIVLHYPYIPPGEK,Flex_GGGGSx1,GGGGS,N,396
con_0068,top,pep_142399,DLDEIVLHYPYIPPGEK,Flex_GGGGSx1,GGGGS,C,401
con_0069,top,pep_142399,DLDEIVLHYPYIPPGEK,Flex_GGGGSx1,GGGGS,Both,423
con_0070,top,pep_142399,DLDEIVLHYPYIPPGEK,Flex_GGGGSx2,GGGGSGGGGS,N,401
con_0071,top,pep_142399,DLDEIVLHYPYIPPGEK,Flex_GGGGSx2,GGGGSGGGGS,C,411
con_0072,top,pep_142399,DLDEIVLHYPYIPPGEK,Flex_GGGGSx2,GGGGSGGGGS,Both,438
con_0073,top,pep_977590,VPSLRDVHHEPVYPQPPF,Flex_GGGGSx1,GGGGS,N,397
con_0074,top,pep_977590,VPSLRDVHHEPVYPQPPF,Flex_GGGGSx1,GGGGS,C,402
con_0075,top,pep_977590,VPSLRDVHHEPVYPQPPF,Flex_GGGGSx1,GGGGS,Both,425
con_0076,top,pep_977590,VPSLRDVHHEPVYPQPPF,Flex_GGGGSx2,GGGGSGGGGS,N,402
con_0077,top,pep_977590,VPSLRDVHHEPVYPQPPF,Flex_GGGGSx2,GGGGSGGGGS,C,412
con_0078,top,pep_977590,VPSLRDVHHEPVYPQPPF,Flex_GGGGSx2,GGGGSGGGGS,Both,440
con_0079,top,pep_146503,DLLRGIYAYGFEKPS,Flex_GGGGSx1,GGGGS,N,394
con_0080,top,pep_146503,DLLRGIYAYGFEKPS,Flex_GGGGSx1,GGGGS,C,399
con_0081,top,pep_146503,DLLRGIYAYGFEKPS,Flex_GGGGSx1,GGGGS,Both,419
con_0082,top,pep_146503,DLLRGIYAYGFEKPS,Flex_GGGGSx2,GGGGSGGGGS,N,399
con_0083,top,pep_146503,DLLRGIYAYGFEKPS,Flex_GGGGSx2,GGGGSGGGGS,C,409
con_0084,top,pep_146503,DLLRGIYAYGFEKPS,Flex_GGGGSx2,GGGGSGGGGS,Both,434
con_0085,top,pep_572206,LMVLYYPYMPPGEKE,Flex_GGGGSx1,GGGGS,N,394
con_0086,top,pep_572206,LMVLYYPYMPPGEKE,Flex_GGGGSx1,GGGGS,C,399
con_0087,top,pep_572206,LMVLYYPYMPPGEKE,Flex_GGGGSx1,GGGGS,Both,419
con_0088,top,pep_572206,LMVLYYPYMPPGEKE,Flex_GGGGSx2,GGGGSGGGGS,N,399
con_0089,top,pep_572206,LMVLYYPYMPPGEKE,Flex_GGGGSx2,GGGGSGGGGS,C,409
con_0090,top,pep_572206,LMVLYYPYMPPGEKE,Flex_GGGGSx2,GGGGSGGGGS,Both,434
con_0091,top,pep_679714,PAFELHYPHMVER,Flex_GGGGSx1,GGGGS,N,392
con_0092,top,pep_679714,PAFELHYPHMVER,Flex_GGGGSx1,GGGGS,C,397
con_0093,top,pep_679714,PAFELHYPHMVER,Flex_GGGGSx1,GGGGS,Both,415
con_0094,top,pep_679714,PAFELHYPHMVER,Flex_GGGGSx2,GGGGSGGGGS,N,397
con_0095,top,pep_679714,PAFELHYPHMVER,Flex_GGGGSx2,GGGGSGGGGS,C,407
con_0096,top,pep_679714,PAFELHYPHMVER,Flex_GGGGSx2,GGGGSGGGGS,Both,430
con_0097,top,pep_999246,VVTLWYRPPELL,Flex_GGGGSx1,GGGGS,N,391
con_0098,top,pep_999246,VVTLWYRPPELL,Flex_GGGGSx1,GGGGS,C,396
con_0099,top,pep_999246,VVTLWYRPPELL,Flex_GGGGSx1,GGGGS,Both,413
con_0100,top,pep_999246,VVTLWYRPPELL,Flex_GGGGSx2,GGGGSGGGGS,N,396
con_0101,top,pep_999246,VVTLWYRPPELL,Flex_GGGGSx2,GGGGSGGGGS,C,406
con_0102,top,pep_999246,VVTLWYRPPELL,Flex_GGGGSx2,GGGGSGGGGS,Both,428
con_0103,top,pep_648371,NGNPNGEGLPHWPLFDQEEQ,Flex_GGGGSx1,GGGGS,N,399
con_0104,top,pep_648371,NGNPNGEGLPHWPLFDQEEQ,Flex_GGGGSx1,GGGGS,C,404
con_0105,top,pep_648371,NGNPNGEGLPHWPLFDQEEQ,Flex_GGGGSx1,GGGGS,Both,429
con_0106,top,pep_648371,NGNPNGEGLPHWPLFDQEEQ,Flex_GGGGSx2,GGGGSGGGGS,N,404
con_0107,top,pep_648371,NGNPNGEGLPHWPLFDQEEQ,Flex_GGGGSx2,GGGGSGGGGS,C,414
con_0108,top,pep_648371,NGNPNGEGLPHWPLFDQEEQ,Flex_GGGGSx2,GGGGSGGGGS,Both,444
con_0109,top,pep_1037613,YLVALGHAYHPEEFV,Flex_GGGGSx1,GGGGS,N,394
con_0110,top,pep_1037613,YLVALGHAYHPEEFV,Flex_GGGGSx1,GGGGS,C,399
con_0111,top,pep_1037613,YLVALGHAYHPEEFV,Flex_GGGGSx1,GGGGS,Both,419
con_0112,top,pep_1037613,YLVALGHAYHPEEFV,Flex_GGGGSx2,GGGGSGGGGS,N,399
con_0113,top,pep_1037613,YLVALGHAYHPEEFV,Flex_GGGGSx2,GGGGSGGGGS,C,409
con_0114,top,pep_1037613,YLVALGHAYHPEEFV,Flex_GGGGSx2,GGGGSGGGGS,Both,434
con_0115,top,pep_293513,FSVFPAAPWGPELPRTV,Flex_GGGGSx1,GGGGS,N,396
con_0116,top,pep_293513,FSVFPAAPWGPELPRTV,Flex_GGGGSx1,GGGGS,C,401
con_0117,top,pep_293513,FSVFPAAPWGPELPRTV,Flex_GGGGSx1,GGGGS,Both,423
con_0118,top,pep_293513,FSVFPAAPWGPELPRTV,Flex_GGGGSx2,GGGGSGGGGS,N,401
con_0119,top,pep_293513,FSVFPAAPWGPELPRTV,Flex_GGGGSx2,GGGGSGGGGS,C,411
con_0120,top,pep_293513,FSVFPAAPWGPELPRTV,Flex_GGGGSx2,GGGGSGGGGS,Both,438
con_0121,top,pep_216524,EIVLHYPYIPPGEKE,Flex_GGGGSx1,GGGGS,N,394
con_0122,top,pep_216524,EIVLHYPYIPPGEKE,Flex_GGGGSx1,GGGGS,C,399
con_0123,top,pep_216524,EIVLHYPYIPPGEKE,Flex_GGGGSx1,GGGGS,Both,419
con_0124,top,pep_216524,EIVLHYPYIPPGEKE,Flex_GGGGSx2,GGGGSGGGGS,N,399
con_0125,top,pep_216524,EIVLHYPYIPPGEKE,Flex_GGGGSx2,GGGGSGGGGS,C,409
con_0126,top,pep_216524,EIVLHYPYIPPGEKE,Flex_GGGGSx2,GGGGSGGGGS,Both,434
con_0127,top,pep_020977,AEPPGVEPYPYPIPTV,Flex_GGGGSx1,GGGGS,N,395
con_0128,top,pep_020977,AEPPGVEPYPYPIPTV,Flex_GGGGSx1,GGGGS,C,400
con_0129,top,pep_020977,AEPPGVEPYPYPIPTV,Flex_GGGGSx1,GGGGS,Both,421
con_0130,top,pep_020977,AEPPGVEPYPYPIPTV,Flex_GGGGSx2,GGGGSGGGGS,N,400
con_0131,top,pep_020977,AEPPGVEPYPYPIPTV,Flex_GGGGSx2,GGGGSGGGGS,C,410
con_0132,top,pep_020977,AEPPGVEPYPYPIPTV,Flex_GGGGSx2,GGGGSGGGGS,Both,436
con_0133,top,pep_333165,GLFPYPYTY,Flex_GGGGSx1,GGGGS,N,388
con_0134,top,pep_333165,GLFPYPYTY,Flex_GGGGSx1,GGGGS,C,393
con_0135,top,pep_333165,GLFPYPYTY,Flex_GGGGSx1,GGGGS,Both,407
con_0136,top,pep_333165,GLFPYPYTY,Flex_GGGGSx2,GGGGSGGGGS,N,393
con_0137,top,pep_333165,GLFPYPYTY,Flex_GGGGSx2,GGGGSGGGGS,C,403
con_0138,top,pep_333165,GLFPYPYTY,Flex_GGGGSx2,GGGGSGGGGS,Both,422
con_0139,top,pep_963340,VLGFGTYAPPEVPR,Flex_GGGGSx1,GGGGS,N,393
con_0140,top,pep_963340,VLGFGTYAPPEVPR,Flex_GGGGSx1,GGGGS,C,398
con_0141,top,pep_963340,VLGFGTYAPPEVPR,Flex_GGGGSx1,GGGGS,Both,417
con_0142,top,pep_963340,VLGFGTYAPPEVPR,Flex_GGGGSx2,GGGGSGGGGS,N,398
con_0143,top,pep_963340,VLGFGTYAPPEVPR,Flex_GGGGSx2,GGGGSGGGGS,C,408
con_0144,top,pep_963340,VLGFGTYAPPEVPR,Flex_GGGGSx2,GGGGSGGGGS,Both,432
con_0145,top,pep_1037612,YLVALGHAYHPEEF,Flex_GGGGSx1,GGGGS,N,393
con_0146,top,pep_1037612,YLVALGHAYHPEEF,Flex_GGGGSx1,GGGGS,C,398
con_0147,top,pep_1037612,YLVALGHAYHPEEF,Flex_GGGGSx1,GGGGS,Both,417
con_0148,top,pep_1037612,YLVALGHAYHPEEF,Flex_GGGGSx2,GGGGSGGGGS,N,398
con_0149,top,pep_1037612,YLVALGHAYHPEEF,Flex_GGGGSx2,GGGGSGGGGS,C,408
con_0150,top,pep_1037612,YLVALGHAYHPEEF,Flex_GGGGSx2,GGGGSGGGGS,Both,432
con_0151,top,pep_439487,IPVQPVYPYPQDPK,Flex_GGGGSx1,GGGGS,N,393
con_0152,top,pep_439487,IPVQPVYPYPQDPK,Flex_GGGGSx1,GGGGS,C,398
con_0153,top,pep_439487,IPVQPVYPYPQDPK,Flex_GGGGSx1,GGGGS,Both,417
con_0154,top,pep_439487,IPVQPVYPYPQDPK,Flex_GGGGSx2,GGGGSGGGGS,N,398
con_0155,top,pep_439487,IPVQPVYPYPQDPK,Flex_GGGGSx2,GGGGSGGGGS,C,408
con_0156,top,pep_439487,IPVQPVYPYPQDPK,Flex_GGGGSx2,GGGGSGGGGS,Both,432
con_0157,top,pep_033299,AHEAEMWEVHFHPSNPEHLF,Flex_GGGGSx1,GGGGS,N,399
con_0158,top,pep_033299,AHEAEMWEVHFHPSNPEHLF,Flex_GGGGSx1,GGGGS,C,404
con_0159,top,pep_033299,AHEAEMWEVHFHPSNPEHLF,Flex_GGGGSx1,GGGGS,Both,429
con_0160,top,pep_033299,AHEAEMWEVHFHPSNPEHLF,Flex_GGGGSx2,GGGGSGGGGS,N,404
con_0161,top,pep_033299,AHEAEMWEVHFHPSNPEHLF,Flex_GGGGSx2,GGGGSGGGGS,C,414
con_0162,top,pep_033299,AHEAEMWEVHFHPSNPEHLF,Flex_GGGGSx2,GGGGSGGGGS,Both,444
con_0163,top,pep_299544,FVTFPYPYMNGR,Flex_GGGGSx1,GGGGS,N,391
con_0164,top,pep_299544,FVTFPYPYMNGR,Flex_GGGGSx1,GGGGS,C,396
con_0165,top,pep_299544,FVTFPYPYMNGR,Flex_GGGGSx1,GGGGS,Both,413
con_0166,top,pep_299544,FVTFPYPYMNGR,Flex_GGGGSx2,GGGGSGGGGS,N,396
con_0167,top,pep_299544,FVTFPYPYMNGR,Flex_GGGGSx2,GGGGSGGGGS,C,406
con_0168,top,pep_299544,FVTFPYPYMNGR,Flex_GGGGSx2,GGGGSGGGGS,Both,428
con_0169,top,pep_252920,EVYPPGPYHPFPNY,Flex_GGGGSx1,GGGGS,N,393
con_0170,top,pep_252920,EVYPPGPYHPFPNY,Flex_GGGGSx1,GGGGS,C,398
con_0171,top,pep_252920,EVYPPGPYHPFPNY,Flex_GGGGSx1,GGGGS,Both,417
con_0172,top,pep_252920,EVYPPGPYHPFPNY,Flex_GGGGSx2,GGGGSGGGGS,N,398
con_0173,top,pep_252920,EVYPPGPYHPFPNY,Flex_GGGGSx2,GGGGSGGGGS,C,408
con_0174,top,pep_252920,EVYPPGPYHPFPNY,Flex_GGGGSx2,GGGGSGGGGS,Both,432
con_0175,top,pep_053881,AMEFNPHVPPYLLELR,Flex_GGGGSx1,GGGGS,N,395
con_0176,top,pep_053881,AMEFNPHVPPYLLELR,Flex_GGGGSx1,GGGGS,C,400
con_0177,top,pep_053881,AMEFNPHVPPYLLELR,Flex_GGGGSx1,GGGGS,Both,421
con_0178,top,pep_053881,AMEFNPHVPPYLLELR,Flex_GGGGSx2,GGGGSGGGGS,N,400
con_0179,top,pep_053881,AMEFNPHVPPYLLELR,Flex_GGGGSx2,GGGGSGGGGS,C,410
con_0180,top,pep_053881,AMEFNPHVPPYLLELR,Flex_GGGGSx2,GGGGSGGGGS,Both,436
con_0181,top,pep_954776,VIEMVDGEPPYFNEPPLK,Flex_GGGGSx1,GGGGS,N,397
con_0182,top,pep_954776,VIEMVDGEPPYFNEPPLK,Flex_GGGGSx1,GGGGS,C,402
con_0183,top,pep_954776,VIEMVDGEPPYFNEPPLK,Flex_GGGGSx1,GGGGS,Both,425
con_0184,top,pep_954776,VIEMVDGEPPYFNEPPLK,Flex_GGGGSx2,GGGGSGGGGS,N,402
con_0185,top,pep_954776,VIEMVDGEPPYFNEPPLK,Flex_GGGGSx2,GGGGSGGGGS,C,412
con_0186,top,pep_954776,VIEMVDGEPPYFNEPPLK,Flex_GGGGSx2,GGGGSGGGGS,Both,440
con_0187,top,pep_063018,AQAVHPGYGFL,Flex_GGGGSx1,GGGGS,N,390
con_0188,top,pep_063018,AQAVHPGYGFL,Flex_GGGGSx1,GGGGS,C,395
con_0189,top,pep_063018,AQAVHPGYGFL,Flex_GGGGSx1,GGGGS,Both,411
con_0190,top,pep_063018,AQAVHPGYGFL,Flex_GGGGSx2,GGGGSGGGGS,N,395
con_0191,top,pep_063018,AQAVHPGYGFL,Flex_GGGGSx2,GGGGSGGGGS,C,405
con_0192,top,pep_063018,AQAVHPGYGFL,Flex_GGGGSx2,GGGGSGGGGS,Both,426
con_0193,top,pep_448118,ITAVMPYFPYSK,Flex_GGGGSx1,GGGGS,N,391
con_0194,top,pep_448118,ITAVMPYFPYSK,Flex_GGGGSx1,GGGGS,C,396
con_0195,top,pep_448118,ITAVMPYFPYSK,Flex_GGGGSx1,GGGGS,Both,413
con_0196,top,pep_448118,ITAVMPYFPYSK,Flex_GGGGSx2,GGGGSGGGGS,N,396
con_0197,top,pep_448118,ITAVMPYFPYSK,Flex_GGGGSx2,GGGGSGGGGS,C,406
con_0198,top,pep_448118,ITAVMPYFPYSK,Flex_GGGGSx2,GGGGSGGGGS,Both,428
con_0199,top,pep_355822,GTHWHPEHF,Flex_GGGGSx1,GGGGS,N,388
con_0200,top,pep_355822,GTHWHPEHF,Flex_GGGGSx1,GGGGS,C,393
con_0201,top,pep_355822,GTHWHPEHF,Flex_GGGGSx1,GGGGS,Both,407
con_0202,top,pep_355822,GTHWHPEHF,Flex_GGGGSx2,GGGGSGGGGS,N,393
con_0203,top,pep_355822,GTHWHPEHF,Flex_GGGGSx2,GGGGSGGGGS,C,403
con_0204,top,pep_355822,GTHWHPEHF,Flex_GGGGSx2,GGGGSGGGGS,Both,422
con_0205,top,pep_400713,IAGILHYYPLEEV,Flex_GGGGSx1,GGGGS,N,392
con_0206,top,pep_400713,IAGILHYYPLEEV,Flex_GGGGSx1,GGGGS,C,397
con_0207,top,pep_400713,IAGILHYYPLEEV,Flex_GGGGSx1,GGGGS,Both,415
con_0208,top,pep_400713,IAGILHYYPLEEV,Flex_GGGGSx2,GGGGSGGGGS,N,397
con_0209,top,pep_400713,IAGILHYYPLEEV,Flex_GGGGSx2,GGGGSGGGGS,C,407
con_0210,top,pep_400713,IAGILHYYPLEEV,Flex_GGGGSx2,GGGGSGGGGS,Both,430
con_0211,top,pep_238278,ERELPYYPGAHPMHPPK,Flex_GGGGSx1,GGGGS,N,396
con_0212,top,pep_238278,ERELPYYPGAHPMHPPK,Flex_GGGGSx1,GGGGS,C,401
con_0213,top,pep_238278,ERELPYYPGAHPMHPPK,Flex_GGGGSx1,GGGGS,Both,423
con_0214,top,pep_238278,ERELPYYPGAHPMHPPK,Flex_GGGGSx2,GGGGSGGGGS,N,401
con_0215,top,pep_238278,ERELPYYPGAHPMHPPK,Flex_GGGGSx2,GGGGSGGGGS,C,411
con_0216,top,pep_238278,ERELPYYPGAHPMHPPK,Flex_GGGGSx2,GGGGSGGGGS,Both,438
con_0217,top,pep_179582,DVVLGLEYLHYQGIIHR,Flex_GGGGSx1,GGGGS,N,396
con_0218,top,pep_179582,DVVLGLEYLHYQGIIHR,Flex_GGGGSx1,GGGGS,C,401
con_0219,top,pep_179582,DVVLGLEYLHYQGIIHR,Flex_GGGGSx1,GGGGS,Both,423
con_0220,top,pep_179582,DVVLGLEYLHYQGIIHR,Flex_GGGGSx2,GGGGSGGGGS,N,401
con_0221,top,pep_179582,DVVLGLEYLHYQGIIHR,Flex_GGGGSx2,GGGGSGGGGS,C,411
con_0222,top,pep_179582,DVVLGLEYLHYQGIIHR,Flex_GGGGSx2,GGGGSGGGGS,Both,438
con_0223,top,pep_233907,EPTMYGEILSPNYPQAYPSEV,Flex_GGGGSx1,GGGGS,N,400
con_0224,top,pep_233907,EPTMYGEILSPNYPQAYPSEV,Flex_GGGGSx1,GGGGS,C,405
con_0225,top,pep_233907,EPTMYGEILSPNYPQAYPSEV,Flex_GGGGSx1,GGGGS,Both,431
con_0226,top,pep_233907,EPTMYGEILSPNYPQAYPSEV,Flex_GGGGSx2,GGGGSGGGGS,N,405
con_0227,top,pep_233907,EPTMYGEILSPNYPQAYPSEV,Flex_GGGGSx2,GGGGSGGGGS,C,415
con_0228,top,pep_233907,EPTMYGEILSPNYPQAYPSEV,Flex_GGGGSx2,GGGGSGGGGS,Both,446
con_0229,top,pep_891763,TLETFLTYPMFQIPR,Flex_GGGGSx1,GGGGS,N,394
con_0230,top,pep_891763,TLETFLTYPMFQIPR,Flex_GGGGSx1,GGGGS,C,399
con_0231,top,pep_891763,TLETFLTYPMFQIPR,Flex_GGGGSx1,GGGGS,Both,419
con_0232,top,pep_891763,TLETFLTYPMFQIPR,Flex_GGGGSx2,GGGGSGGGGS,N,399
con_0233,top,pep_891763,TLETFLTYPMFQIPR,Flex_GGGGSx2,GGGGSGGGGS,C,409
con_0234,top,pep_891763,TLETFLTYPMFQIPR,Flex_GGGGSx2,GGGGSGGGGS,Both,434
con_0235,top,pep_432652,IMAIEMVEGEPPYLNENPLR,Flex_GGGGSx1,GGGGS,N,399
con_0236,top,pep_432652,IMAIEMVEGEPPYLNENPLR,Flex_GGGGSx1,GGGGS,C,404
con_0237,top,pep_432652,IMAIEMVEGEPPYLNENPLR,Flex_GGGGSx1,GGGGS,Both,429
con_0238,top,pep_432652,IMAIEMVEGEPPYLNENPLR,Flex_GGGGSx2,GGGGSGGGGS,N,404
con_0239,top,pep_432652,IMAIEMVEGEPPYLNENPLR,Flex_GGGGSx2,GGGGSGGGGS,C,414
con_0240,top,pep_432652,IMAIEMVEGEPPYLNENPLR,Flex_GGGGSx2,GGGGSGGGGS,Both,444
con_0241,bottom,pep_002974,AACEQLHQQQQQQQEETAAATLLLQGEEKG,Flex_GGGGSx1,GGGGS,N,409
con_0242,bottom,pep_002974,AACEQLHQQQQQQQEETAAATLLLQGEEKG,Flex_GGGGSx1,GGGGS,C,414
con_0243,bottom,pep_002974,AACEQLHQQQQQQQEETAAATLLLQGEEKG,Flex_GGGGSx1,GGGGS,Both,449
con_0244,bottom,pep_002974,AACEQLHQQQQQQQEETAAATLLLQGEEKG,Flex_GGGGSx2,GGGGSGGGGS,N,414
con_0245,bottom,pep_002974,AACEQLHQQQQQQQEETAAATLLLQGEEKG,Flex_GGGGSx2,GGGGSGGGGS,C,424
con_0246,bottom,pep_002974,AACEQLHQQQQQQQEETAAATLLLQGEEKG,Flex_GGGGSx2,GGGGSGGGGS,Both,464
con_0247,bottom,pep_895244,TLQLLNQQEQEKEESSSEEEEEKAEERPR,Flex_GGGGSx1,GGGGS,N,408
con_0248,bottom,pep_895244,TLQLLNQQEQEKEESSSEEEEEKAEERPR,Flex_GGGGSx1,GGGGS,C,413
con_0249,bottom,pep_895244,TLQLLNQQEQEKEESSSEEEEEKAEERPR,Flex_GGGGSx1,GGGGS,Both,447
con_0250,bottom,pep_895244,TLQLLNQQEQEKEESSSEEEEEKAEERPR,Flex_GGGGSx2,GGGGSGGGGS,N,413
con_0251,bottom,pep_895244,TLQLLNQQEQEKEESSSEEEEEKAEERPR,Flex_GGGGSx2,GGGGSGGGGS,C,423
con_0252,bottom,pep_895244,TLQLLNQQEQEKEESSSEEEEEKAEERPR,Flex_GGGGSx2,GGGGSGGGGS,Both,462
con_0253,bottom,pep_889620,TKQQQQQQQQSNSSSGVANNQK,Flex_GGGGSx1,GGGGS,N,401
con_0254,bottom,pep_889620,TKQQQQQQQQSNSSSGVANNQK,Flex_GGGGSx1,GGGGS,C,406
con_0255,bottom,pep_889620,TKQQQQQQQQSNSSSGVANNQK,Flex_GGGGSx1,GGGGS,Both,433
con_0256,bottom,pep_889620,TKQQQQQQQQSNSSSGVANNQK,Flex_GGGGSx2,GGGGSGGGGS,N,406
con_0257,bottom,pep_889620,TKQQQQQQQQSNSSSGVANNQK,Flex_GGGGSx2,GGGGSGGGGS,C,416
con_0258,bottom,pep_889620,TKQQQQQQQQSNSSSGVANNQK,Flex_GGGGSx2,GGGGSGGGGS,Both,448
con_0259,bottom,pep_206019,EGCNILCLLKRKVKAVKNVVKNVVKSVVG,Flex_GGGGSx1,GGGGS,N,408
con_0260,bottom,pep_206019,EGCNILCLLKRKVKAVKNVVKNVVKSVVG,Flex_GGGGSx1,GGGGS,C,413
con_0261,bottom,pep_206019,EGCNILCLLKRKVKAVKNVVKNVVKSVVG,Flex_GGGGSx1,GGGGS,Both,447
con_0262,bottom,pep_206019,EGCNILCLLKRKVKAVKNVVKNVVKSVVG,Flex_GGGGSx2,GGGGSGGGGS,N,413
con_0263,bottom,pep_206019,EGCNILCLLKRKVKAVKNVVKNVVKSVVG,Flex_GGGGSx2,GGGGSGGGGS,C,423
con_0264,bottom,pep_206019,EGCNILCLLKRKVKAVKNVVKNVVKSVVG,Flex_GGGGSx2,GGGGSGGGGS,Both,462
con_0265,bottom,pep_608130,LVQQQEEEQQKQQSASSIVAAR,Flex_GGGGSx1,GGGGS,N,401
con_0266,bottom,pep_608130,LVQQQEEEQQKQQSASSIVAAR,Flex_GGGGSx1,GGGGS,C,406
con_0267,bottom,pep_608130,LVQQQEEEQQKQQSASSIVAAR,Flex_GGGGSx1,GGGGS,Both,433
con_0268,bottom,pep_608130,LVQQQEEEQQKQQSASSIVAAR,Flex_GGGGSx2,GGGGSGGGGS,N,406
con_0269,bottom,pep_608130,LVQQQEEEQQKQQSASSIVAAR,Flex_GGGGSx2,GGGGSGGGGS,C,416
con_0270,bottom,pep_608130,LVQQQEEEQQKQQSASSIVAAR,Flex_GGGGSx2,GGGGSGGGGS,Both,448
con_0271,bottom,pep_1043856,YQQQQQQQKQAAAAAAAAAATAAW,Flex_GGGGSx1,GGGGS,N,403
con_0272,bottom,pep_1043856,YQQQQQQQKQAAAAAAAAAATAAW,Flex_GGGGSx1,GGGGS,C,408
con_0273,bottom,pep_1043856,YQQQQQQQKQAAAAAAAAAATAAW,Flex_GGGGSx1,GGGGS,Both,437
con_0274,bottom,pep_1043856,YQQQQQQQKQAAAAAAAAAATAAW,Flex_GGGGSx2,GGGGSGGGGS,N,408
con_0275,bottom,pep_1043856,YQQQQQQQKQAAAAAAAAAATAAW,Flex_GGGGSx2,GGGGSGGGGS,C,418
con_0276,bottom,pep_1043856,YQQQQQQQKQAAAAAAAAAATAAW,Flex_GGGGSx2,GGGGSGGGGS,Both,452
con_0277,bottom,pep_140158,DKKVEKVTISN,Flex_GGGGSx1,GGGGS,N,390
con_0278,bottom,pep_140158,DKKVEKVTISN,Flex_GGGGSx1,GGGGS,C,395
con_0279,bottom,pep_140158,DKKVEKVTISN,Flex_GGGGSx1,GGGGS,Both,411
con_0280,bottom,pep_140158,DKKVEKVTISN,Flex_GGGGSx2,GGGGSGGGGS,N,395
con_0281,bottom,pep_140158,DKKVEKVTISN,Flex_GGGGSx2,GGGGSGGGGS,C,405
con_0282,bottom,pep_140158,DKKVEKVTISN,Flex_GGGGSx2,GGGGSGGGGS,Both,426
con_0283,bottom,pep_078551,ATYKVKDSSVGK,Flex_GGGGSx1,GGGGS,N,391
con_0284,bottom,pep_078551,ATYKVKDSSVGK,Flex_GGGGSx1,GGGGS,C,396
con_0285,bottom,pep_078551,ATYKVKDSSVGK,Flex_GGGGSx1,GGGGS,Both,413
con_0286,bottom,pep_078551,ATYKVKDSSVGK,Flex_GGGGSx2,GGGGSGGGGS,N,396
con_0287,bottom,pep_078551,ATYKVKDSSVGK,Flex_GGGGSx2,GGGGSGGGGS,C,406
con_0288,bottom,pep_078551,ATYKVKDSSVGK,Flex_GGGGSx2,GGGGSGGGGS,Both,428
con_0289,bottom,pep_988471,VTAEDKGTGNKNKITITNDQNRLTPEEIER,Flex_GGGGSx1,GGGGS,N,409
con_0290,bottom,pep_988471,VTAEDKGTGNKNKITITNDQNRLTPEEIER,Flex_GGGGSx1,GGGGS,C,414
con_0291,bottom,pep_988471,VTAEDKGTGNKNKITITNDQNRLTPEEIER,Flex_GGGGSx1,GGGGS,Both,449
con_0292,bottom,pep_988471,VTAEDKGTGNKNKITITNDQNRLTPEEIER,Flex_GGGGSx2,GGGGSGGGGS,N,414
con_0293,bottom,pep_988471,VTAEDKGTGNKNKITITNDQNRLTPEEIER,Flex_GGGGSx2,GGGGSGGGGS,C,424
con_0294,bottom,pep_988471,VTAEDKGTGNKNKITITNDQNRLTPEEIER,Flex_GGGGSx2,GGGGSGGGGS,Both,464
con_0295,bottom,pep_217694,EKKVVKITSE,Flex_GGGGSx1,GGGGS,N,389
con_0296,bottom,pep_217694,EKKVVKITSE,Flex_GGGGSx1,GGGGS,C,394
con_0297,bottom,pep_217694,EKKVVKITSE,Flex_GGGGSx1,GGGGS,Both,409
con_0298,bottom,pep_217694,EKKVVKITSE,Flex_GGGGSx2,GGGGSGGGGS,N,394
con_0299,bottom,pep_217694,EKKVVKITSE,Flex_GGGGSx2,GGGGSGGGGS,C,404
con_0300,bottom,pep_217694,EKKVVKITSE,Flex_GGGGSx2,GGGGSGGGGS,Both,424
